<data>

  <include id="frameworks.xml" />
  <procedure id="movementToNull">
    <invokeLater seconds="1">
      <action>
        getLocalPlayer().movement = null;
      </action>
    </invokeLater>
  </procedure>
  <action>

    function _stayStill(o,x,y,s){
      if (o.setPosition != null){
      o.setPosition(x,y);
      }
      if (o.renderer != null && o.renderer.scaleX != null){
        o.renderer.scaleX = s;
      }
      if (o.renderer != null && o.renderer.setAnimation != null){
        o.renderer.setAnimation("single");
      }
    }
    function stayStill(o){
      var x = o.xPos;
      var y = o.yTile;
      var s = o.getFacing();
      return new Movement(o, function(o,ct,frames){return _stayStill(o,x,y,s);});
    }


    function beginMinigame(?getGlobal,?setGlobal){
      setGlobal("score",0);
      stayStill(getLocalPlayer());
      var fuckingFunction = function(evt){minigameControl(evt,getGlobal,setGlobal);}
      setGlobal("fuckingFunction",fuckingFunction);
      addPress(fuckingFunction);
    }
    function minigameControl(evt,?getGlobal,?setGlobal){
      tickMinigame(evt,getGlobal,setGlobal);
      // setGlobal("key",null);
    }
    function tickMinigame(evt,?getGlobal,?setGlobal){
      var key = getGlobal("key");
      if (key == null) return;
      var press = evt.key;
      if (press != "left" && press != "up" && press != "right" && press != "down"){ return; }
      if (press != key){
          // FAIL
          trace("FAIL");
          setGlobal("score",0);
      }
      if (press == key){
        // SUCCESS
        var score = getGlobal("score");
        setGlobal("score",score+1);
        if (score >= 2){
          finishGame(getGlobal,setGlobal);
        }
      }
    }
    function updateKey(evalXml,?getGlobal,?setGlobal){
      var keys = ["left","up","right","down"]; //left up right down
      var key = keys[randInt(0,keys.length)];
      setGlobal("key",key);
      evalXml('&lt;show tooltip="popup" text="warning.strangle_break_'+key+'" x="0.5" y="0.2" hold="60" />');
    }
    function keyName(?getGlobal,?setGlobal){
      return getGlobal("key");
    }
    function finishGame(?getGlobal,?setGlobal){
      getLocalPlayer().movement.destroy();
      runProcedure("movementToNull");
      removePress(getGlobal("fuckingFunction"));
      for (global in ["key","score"]){
        setGlobal(global,null);
      }
      var area = getLocalPlayer().area;
      if (area.getObject(area.getObject("placeholder_strangle")) != null){
        area.removeObject(area.getObject("placeholder_strangle"));
      }
    }
  </action>


</data>
