<?xml version="1.0" encoding="utf-8" ?>
<music>
  <music id="purified_encounter" />
  <music id="purification1" />
  <music id="purification2" />
  <music id="breezing_seas" />
  <music id="church_dungeon" />
  <music id="haven_mines" />
  <music id="purifier_maze" />
  <music id="zargoroth_haven" />
  <music id="jacominus" />
  <music id="bandit_territory" />
  <music id="bandit_ambush" />
  <music id="thirallan_heights" />
  <music id="bandit_leader" />
  <music id="beasts_colosseum" />
  <music id="holy_hills" />
</music>
