<?xml version="1.0" encoding="utf-8" ?>
<parallax>

	<parallax id="thirallan_monastery" mapBG="8b0000" mapBGHeight="30">
		<layer p="0">
			<tile id="thirallan_sky" animation="thirallan_sky.blood_sky" offsetY="17" />
			<tile id="thirallan_sky" animation="thirallan_sky.blood_sky" offsetY="-25" />
			<rect color="5C0000" x="0" y="80" width="256" height="64" />
		</layer>
		<layer p="0" storm="false">
			<tile id="thirallan_sun" animation="sun" fps="5" rise="5" set="20" dir="left" pathHeight="96" pathTop="-16" sun="true" />
		</layer>
		<layer p="0.6" py="0.3">
			<tile sheet="monastery_wall_parallax.png" x="0" y="0" offsetX="500" loop="false" />
			<tile sheet="monastery_wall_parallax.png" x="0" y="0" offsetX="728" loop="false" />
			<tile sheet="monastery_wall_parallax.png" x="0" y="0" offsetX="956" loop="false" />
			<tile sheet="monastery_wall_parallax.png" x="0" y="0" offsetX="1006" loop="false" />
		</layer>
		<layer p="0.75">
			<tile sheet="{mod:full_version}/magic/structures/burned.3" x="0" y="0" offsetX="740" loop="false" />
			<tile sheet="{mod:full_version}/magic/structures/burned.3" x="0" y="1" offsetX="1180" loop="false" />
		</layer>
	</parallax>
	<parallax id="thirallan_rotting_forest" mapBG="8b0000" mapBGHeight="30">
		<layer p="0">
			<tile id="thirallan_sky" animation="thirallan_sky.blood_sky" offsetY="17" />
			<tile id="thirallan_sky" animation="thirallan_sky.blood_sky" offsetY="-45" />
			<rect color="5C0000" x="0" y="80" width="256" height="64" />
		</layer>
		<layer p="0" storm="false">
			<tile id="thirallan_sun" animation="sun" fps="5" rise="5" set="20" dir="left" pathHeight="96" pathTop="-16" sun="true" />
		</layer>
	</parallax>

</parallax>
