<?xml version="1.0" encoding="utf-8" ?>
<bandits>
  <enemy id="marwood" tile="marwood" health="20" defense="5" type="surface" range="20" speed="1">
    <attack type="melee" animation="slam" range="1" damage="20" knockback="30" cooldown="180">
      <pre><play object="this" animation="preSlam" /></pre>
      <post><action>spawner = this; x = 0; count = 4; side = 1; damage = 10; centerX = spawner.getCenterX();</action><run procedure="spell.earth.multi" /></post>
    </attack>
    <attack type="melee" animation="attack" range="1" damage="8" knockback="10" />
  </enemy>

  <npc id="domenic_object" tile="domenic" animation="domenic" talk_sfx="talking1" action="talk" />

  <enemy id="domenic_prePurifier" tile="domenic" animation="domenic" health="20" defense="1" type="surface" range="20" speed="1">
    <attack type="melee" animation="attack" damage="5" hits="2">
      <cont animation="attack2" damage="3" />
      <post><wait seconds="1" modal="false" /></post>
    </attack>
    <onDeath>
      <object id="domenic_object" x="this.tile_x" y="this.tile_y" />
      <dialogue section="domenic" id="undying_peninsula4" speaker='area.getObject("domenic_object")' />
      <invokeLater>
        <lerp object="this" alpha="0" />
        <lerp object="area.getObject('domenic_object')" deltaX="-50" seconds="5" />
        <remove object="area.getObject('domenic_object')" />
        <action>
          while(area.getObject('bandit_heavy') != null || area.getObject('bandit_combo') != null){
            area.removeObject(area.getObject('bandit_heavy')); area.removeObject(area.getObject('bandit_combo'));
          }
        </action>
        <runAreaLoad/>
      </invokeLater>
    </onDeath>
  </enemy>

  </bandits>
