<?xml version="1.0" encoding="utf-8" ?>
<parallax>
	<parallax id="thirallan_mountains" mapBG="1F2A1F" mapBGHeight="50">
		<layer p="0">
			<tile sheet="sky.png" x="0" y="0" offsetY="17" />
			<tile sheet="sky.png" x="0" y="0" offsetY="-45" />
			<rect color="1F2A1F" x="0" y="80" width="256" height="64" />
		</layer>
		<layer p="0" storm="false">
			<tile id="sun" animation="sun" fps="5" rise="5" set="20" dir="left" pathHeight="96" pathTop="-16" sun="true" />
		</layer>
	</parallax>

</parallax>
