<?xml version="1.0" encoding="utf-8" ?>
<parallax>
  <tile id="corruption.atmosphere" sheet="{mod:full_version}/space/colony/parallax256.png" x="0" />
  <tile id="corruption.clouds" sheet="{mod:full_version}/space/colony/parallax.png" x="0" />
  <tile id="corruption.ground" sheet="{mod:full_version}/space/colony/parallax.png" x="1" />
  <animation id="corruption.atmosphere" x="0" count="1" color="301934" />
  <animation id="corruption.clouds" x="0" count="1" color="301934" colorScale="2" />
  <animation id="corruption.ground" x="0" count="1" color="8E16F4" />

  <tilesheet id="corruption_sun.png" width="32" height="32" />
	<tile id="corruption_sun" sheet="corruption_sun.png" x="0" y="0" />

  <parallax id="corruption.orbit" mapBG="0" skyColor="0">
    <layer p="0" glow="true" max_depth="10000"><tile sheet="{mod:full_version}/space/night_bg.png" x="0" y="0" /></layer>
    <layer p="0" glow="true" max_depth="10000">
      <tile id="sun" animation="sun" fps="5" rise="5" set="20" dir="left" pathHeight="96" pathTop="-16" sun="true" />
    </layer>
    <layer p="0" py="0.0125" max_depth="10000"><tile id="corruption.atmosphere" animation="corruption.atmosphere" offsetY="22" /></layer>
    <layer p="0" py="0.0125" id="corruption.ground" scroll="0.0078125" max_depth="10000"><tile id="corruption.ground" animation="corruption.ground" offsetY="22" /></layer>
    <layer p="0" py="0.0125" id="corruption.clouds" scroll="0.03125" max_depth="10000"><tile id="corruption.clouds" animation="corruption.clouds" offsetY="22" /></layer>
    <layer type="back" />
  </parallax>

  <include id="corruption_start256.xml" includeRoot="true" />
  <include id="corruption_start512.xml" includeRoot="true" />
  <tile id="corruption.night_bg" sheet="{core}/start/parallax/night_bg.png" x="0" y="0" />
  <tile id="corruption.bg" sheet="{core}/start/parallax/bg.png" x="0" y="0" />
  <animation id="corruption.night_bg" x="0" count="1" color="301934" />
  <animation id="corruption.bg" x="0" count="1" color="301934" />
  <animation id="corruption.clouds2" x="0" count="1" color="301934" colorScale="2" />


	<tilesheet id="corruption_bg.png" width="256" height="80" />
	<tilesheet id="corruption_moon.png" width="45" height="42" />
	<tile id="corruption_moon" sheet="corruption_moon.png" />

  <procedure id="corruption.bg">
    <layer p="0" storm="false">
      <tile id="corruption_sun" animation="sun" fps="5" rise="5" set="20" dir="left" pathHeight="96" pathTop="-16" sun="true" />
    </layer>
    <layer p="0" storm="false" glow="moon">
			<tile id="corruption_moon" rise="19" set="6" dir="left" pathHeight="96" pathTop="-16" />
		</layer>
    <layer p="0" storm="false">
      <clouds><tile id="cloud1" animation="corruption.clouds2" /><tile id="cloud2" animation="corruption.clouds2" /><tile id="cloud3" animation="corruption.clouds2" /></clouds>
    </layer>
  </procedure>
  <procedure id="corruption.water">
    <layer type="water" image="corruption_water.png" max_depth="80" background="301934" offsetY="12" />
    <layer type="waves" image="corruption_waves.png" wave_height="4" />
    <layer p="0.0625" py="0.09375" overWater="true" glow="true" scale_py="true"><tile sheet="corruption_start256.png" x="7" dy="144" /></layer>
  </procedure>
  <parallax id="corruption.start" mapBG="301934" mapBGHeight="80" waterLevel="0">
    <layer p="0" day="true">
      <tile sheet="corruption_night_bg.png" x="0" y="0" />
      <rect color="000000" x="0" y="80" width="256" height="64" />
    </layer>
    <run procedure="corruption.bg" />
    <layer p="0.046875" py="0.1875" scroll="0.0625"><tile sheet="corruption_start256.png" x="0" /></layer>
    <layer p="0.0625" py="0.25"><tile sheet="corruption_start256.png" x="6" loop="false" offsetX="16" /></layer>
    <layer p="0.09375" py="0.375" scroll="0.125"><tile sheet="corruption_start256.png" x="1" dy="8" /></layer>
    <layer p="0.125" py="0.5"><tile sheet="corruption_start512.png" x="0" dy="56" loop="false" /></layer>
    <layer p="0.25" py="0.75">
      <tile sheet="corruption_start512.png" x="2" offsetX="-256" dy="32" loop="false" />
      <tile sheet="corruption_start256.png" x="4" offsetX="256" dy="32" loop="false" />
      <tile sheet="corruption_start512.png" x="1" offsetX="512" dy="32" loop="false" />
    </layer>
    <layer p="0.5" minLoop="1" maxLoop="3" py="1">
      <tile sheet="corruption_start256.png" x="2" dy="48" cap="left" />
      <tile sheet="corruption_start256.png" x="5" dy="48" cap="right" />
      <tile sheet="corruption_start256.png" x="3" dy="48" />
    </layer>
    <run procedure="start.doodad" />
    <layer type="back" /><run procedure="corruption.water" />
  </parallax>


</parallax>
