<?xml version="1.0" encoding="utf-8" ?>
<structures>
	<object id="RB_old_ship_notice" width="560" height="320">
		<over>
			<remove object="this" />
			<dialogue section="player" id="RB_old_ship_notice" speaker='player' />
			<complete quest="RB_old_ship" />
		</over>
	</object>
	<quest id="RB_old_ship">
		<kill id="RB_boss" count="1" hidden="true" />
	</quest>
	<structure id="RB_crashed_ship" extends="crashed_ship">
		<tooltip section="actions" id="repair" if="player.hasQuest('colony_ship')" />
		<operate><dialogue section="ship" id="ship_repair" /><stop/></operate>
	</structure>
	<object id="RB_old_ship.marker" width="16" height="16" icon="RB_boss" iconColor="000000" />
	<structure id="RB_old_ship_door" tile="ship_door" name="enter">
		<operate>
			<section>
				<save if="player.getKillCount('RB_boss') == 0" />
				<locate id="RB_old_ship.marker" hide="true" />
				<teleport area="RB_old_ship_boss" x="20.5" y="9" allowReturn="true" with="ellipse" />
			</section>
		</operate>
		<tile id="ship_door_light" animation="ship_door_light" fps="12" x="-3" y="-2.875" glow="true" />
	</structure>
	<structure id="RB_old_ship_door.exit" tile="ship_door" behind="true" remove="false">
		<tooltip id="enter" if="area.getObject('RB_boss') == null && area.getObject('RB_smallBoss') == null" />
		<operate><section if="area.getObject('RB_boss') == null && area.getObject('RB_smallBoss') == null"><return with="ellipse" /></section></operate>
		<over><action if="area.getObject('RB_boss') == null && area.getObject('RB_smallBoss') == null && this.renderer != null">this.renderer.playAnimation("crashed_ship.door.opening", false)</action></over>
		<out><action if="area.getObject('RB_boss') == null && area.getObject('RB_smallBoss') == null && this.renderer != null">this.renderer.playAnimation("crashed_ship.door.closing", false)</action></out>
	</structure>
	<structure id="RB_old_ship.bridge.entrance" tile="ship_door" behind="true" remove="false">
		<tooltip id="enter" if="area.getObject('RB_boss') == null && area.getObject('RB_smallBoss') == null" />
		<operate><teleport area="RB.bridge" x="8" y="5.5" with="ellipse" if="area.getObject('RB_boss') == null && area.getObject('RB_smallBoss') == null" /></operate>
		<over><action if="area.getObject('RB_boss') == null && area.getObject('RB_smallBoss') == null && this.renderer != null">this.renderer.playAnimation("crashed_ship.door.opening", false)</action></over>
		<out><action if="area.getObject('RB_boss') == null && area.getObject('RB_smallBoss') == null && this.renderer != null">this.renderer.playAnimation("crashed_ship.door.closing", false)</action></out>
	</structure>
	<structure id="RB.bridge.exit" layer="npc" name="enter" width="16" height="32">
		<operate><teleport area="RB_old_ship_boss" x="8.5" y="9" with="ellipse" /></operate>
	</structure>
	<object id="RB.bridge.nav" width="16" height="16" layer="npc" action="structure.tooltip.operate">
		<operate>
			<menu section="common" closeable="true">
				<dialogue section="ship" id="advanced_terminal" />
				<choice id="robot_factory_access">
					<section if="player.areas.get('RB_old_ship.cave2').getObject('RB_power_cores') != null">
						<dialogue section="ship" id="robots1" />
						<choice id="RB_ask">
							<dialogue section="ship" id="robots" />
						</choice>
						<choice id="RB_no_ask" />
						<stop/>
					</section>
					<dialogue section="ship" id="no_power" />
				</choice>
				<choice id="ship_storage_access">
					<section if="player.areas.get('RB_old_ship.cave2').getObject('RB_power_cores') != null">
						<dialogue section="ship" id="storage" />
						<stop/>
					</section>
					<dialogue section="ship" id="no_power" />
				</choice>
				<choice id="projection_room_access">
					<section if="player.areas.get('RB_old_ship.cave2').getObject('RB_power_cores') != null">
						<dialogue section="ship" id="projection" />
						<stop/>
					</section>
					<dialogue section="ship" id="no_power" />
				</choice>
				<choice id="power_room_access">
					<section if="player.areas.get('RB_old_ship.cave2').getObject('RB_power_cores') != null">
						<dialogue section="ship" id="power" />
						<stop/>
					</section>
					<dialogue section="ship" id="power_error" />
				</choice>
				<choice id="view_logs">
					<menu section="common" closeable="true">
						<dialogue section="ship" id="logs" />
						<choice id="5/1">
							<dialogue section="ship" id="5/1_logs" />
							<dialogue section="ship" id="5/1_logs2" />
							<dialogue section="ship" id="5/1_logs3" />
						</choice>
						<choice id="5/9">
							<dialogue section="ship" id="5/9_logs" />
							<dialogue section="ship" id="5/9_logs2" />
						</choice>
						<choice id="6/1">
							<dialogue section="ship" id="6/1_logs" />
							<dialogue section="ship" id="6/1_logs2" />
						</choice>
						<choice id="12/25">
							<dialogue section="ship" id="12/25_logs" />
							<dialogue section="ship" id="12/25_logs2" />
						</choice>
						<choice id="1/1">
							<dialogue section="ship" id="1/1_logs" />
							<dialogue section="ship" id="1/1_logs2" />
						</choice>
						<choice id="3/26">
							<dialogue section="ship" id="3/26_logs" />
							<dialogue section="ship" id="3/26_logs2" />
						</choice>
						<choice id="5/1y">
							<dialogue section="ship" id="5/1y_logs" />
							<dialogue section="ship" id="5/1y_logs2" />
							<dialogue section="ship" id="5/1y_logs3" />
							<dialogue section="ship" id="5/1y_logs4" />
							<dialogue section="ship" id="5/1y_logs5" />
						</choice>
					</menu>
				</choice>
			</menu>
		</operate>
	</object>
	<object id="RB.bridge.nav.broken" layer="npc" action="structure.tooltip.operate" width="16" height="16">
		<operate>
			<choose>
				<section if="!player.hasItem('RB_keycard') && getFlag('captainRecording')">
					<dialogue section="ship" id="keycard" />
					<item id="RB_keycard" count="1" />
				</section>
				<dialogue section="medicom" id="broken" />
			</choose>
		</operate>
	</object>
	<structure id="RB_old_ship.crack1.ret" tile="crashed_ship.crack1" name="enter" type="door">
		<afterTeleport><dig x="player.tile_x" y="player.tile_y" speed="2" /></afterTeleport>
	</structure>
	<structure id="RB_old_ship_crack1" tile="crashed_ship.crack1" name="enter">
		<operate><dialogue section="ship" id="lava" speaker='player' /></operate>
	</structure>
	<structure id="RB.bridge.exit" layer="npc" name="enter" width="16" height="32">
		<operate><teleport area="RB_old_ship_boss" x="8.5" y="9" with="ellipse" /></operate>
	</structure>
	<structure id="RB_old_ship.crack2.ret" tile="crashed_ship.crack2" name="enter">
		<operate><teleport area="robot_start" x="138.125" y="77.0625" with="ellipse" /></operate>
	</structure>
	<structure id="RB_old_ship.crack2" tile="crashed_ship.crack2" name="enter" type="door" />
	<object id="RB_room_door" tile="ship.doorh" action="enter" width="16" height="16" behind="true" doorway="horizontal" overlapVehicle="true" overlapNPC="true" colorScale="1.5">
		<addedToArea><action>setTile(this.tile_x,this.tile_y,"empty");</action></addedToArea>
		<operate><dialogue section="ship" id="deactivated" /></operate>
	</object>
	<object id="RB_ship_robot_permission" tile="ship.doorh" action="enter" width="16" height="16" behind="true" doorway="horizontal" overlapVehicle="true" overlapNPC="true" colorScale="1.5">
		<addedToArea>
			<action>setTile(this.tile_x, this.tile_y, "empty");</action>
		</addedToArea>
		<operate>
			<section if="!player.hasItem('RB_keycard')">
				<dialogue section="ship" id="no_access" />
				<stop/>
			</section>
			<section if="player.hasItem('RB_keycard')">
				<dialogue section="ship" id="access" />
				<action>setTile(this.tile_x, this.tile_y, null);</action>
				<remove object="this" />
				<object id="ship.doorh" x="this.tile_x" y="this.tile_y" />
			</section>
		</operate>
	</object>
	<structure id="RB_robots_door" image="robots_door.png" width="32" height="32" name="enter">
		<operate><teleport area="RB_ship_robots" x="10" y="15" with="ellipse" /></operate>
	</structure>
	<object id="RB_old_ship.decoy" width="64" height="64" />
	<object id="RB.explosion" tile="science.explosion.med" animation="science.explosion.med" removeOnComplete="true" layer="top" save="false" fps="10" width="64" height="64">
		<light tile="light.large" color="ffff00" />
	</object>
	<quest id="placeholder_power_cores_repair">
		<item id="titanium" count="15" />
		<item id="ship_parts" count="2" />
		<item id="exotic_matter" count="5" />
	</quest>
	<tilesheet id="power_cores.png" width="16" height="80" />
	<tile id="power_cores" sheet="power_cores.png" x="0" y="0" />
	<tile id="power_cores.broken" sheet="power_cores.png" x="4" y="0" />
	<object id="RB_power_cores.broken" tile="power_cores.broken" action="repair">
		<operate>
			<window type="build" title="structure.repair_power_cores" requirementsXml="getQuest('placeholder_power_cores_repair').xml" includeStorehouse="true" build="actions.repair">
				<remove object='this' />
				<object id="RB_power_cores" x="this.tile_x" y="this.tile_y" />
				<run procedure="unlock_RB_doors" />
				<object id="RB.explosion" x="this.tile_x-1" y="this.tile_y-5" layer="npc" />
				<action>mine(this.tile_x-4, this.tile_y-5); mine(this.tile_x-3, this.tile_y-5); mine(this.tile_x-2, this.tile_y-5); setTile(this.tile_x-6, this.tile_y-2, 'ship');</action>
				<damage object="player" damage="10" knockback="64" attacker="area.getObject('RB_power_cores')" />
				<sound id="explosion" />
				<object id="lava_target" x="this.tile_x-3" y="this.tile_y-5" />
				<invokeLater seconds="1">
					<dialogue text="Warning, sudden power restoration caused instabilty in some damaged ship systems, shielding power cores from damage" />
					<action>for(y in this.tile_x-5...this.tile_x) setTile(this.tile_x-1, y, 'ship');</action>
				</invokeLater>
			</window>
		</operate>
	</object>
	<object id="RB_power_cores" tile="power_cores" animation="item4" />

	<structure id="moltanium_forge" width="128" height="112" image="moltanium_forge.png" type="crafting" title="actions.craft">
		<recipe type="robot_factory" />
		<over><action>this.loopAnimation("golem_factory.active")</action></over>
		<out><action>this.loopAnimation("golem_factory.idle")</action></out>
		<operate>
			<section if="area.id == 'RB_ship_robots' && !player.hasSeenItem('moltanium_forge_blueprint')">
				<dialogue section="ship" id="moltanium_forge" />
				<item id="moltanium_forge_blueprint" count="1" modal="false" />
				<invokeLater seconds="0.5">
					<run procedure="RB_ship_robots_lava" />
				</invokeLater>
			</section>
		</operate>
	</structure>

	<tile id="RB_vent" sheet="vent.png" x="0" y="0" />
	<structure id="RB_vent" width="16" height="16" image="vent.png" name="enter" type="door" allowReturn="false">
        <operate>
			<section if="!player.hasItem('RB_screwdriver')">
				<dialogue text="I can't open the vent, I need something to loosen the screws holding it in place." />
				<stop/>
			</section>
		</operate>
	</structure>
	<structure id="RB_vent_power" extends="RB_vent">
		<operate>
			<section>
				<dialogue text="What reason would I have to just hop back in the lava?" />
				<stop/>
			</section>
		</operate>
	</structure>


	<!--Ship Interior Rooms-->
	<object id="lockdown_trap" width="160" height="64">
		<over>
			<remove object="this" />
			<action>
				setTile(this.tile_x-1, this.tile_y, "empty"); setTile(this.tile_x+10, this.tile_y, "empty");
			</action>
			<dialogue text="SECURITY BREACH DETECTED, LOCKDOWN INITIATED" />
			<object id="large_drone" x="this.tile_x+2" y="this.tile_y-2" />
			<object id="large_drone" x="this.tile_x+4" y="this.tile_y-2" />
			<object id="large_drone" x="this.tile_x+6" y="this.tile_y-2" />
			<object id="large_drone" x="this.tile_x+8" y="this.tile_y-2" />
			<invokeLater seconds="15">
				<dialogue text="Lockdown deactivated, alarm was wrongly activated" />
				<action>
					setTile(this.tile_x-1, this.tile_y, null); setTile(this.tile_x+10, this.tile_y, null);
				</action>
			</invokeLater>
		</over>
	</object>

	<procedure id="lava_target">
		<choose>
			<section if="area.getObject('lava_target') != null && !area.isWater(area.getObject('lava_target').tile_x, area.getObject('lava_target').tile_y)">
				<action>
					if(area.getObject('lava_target') != null){
						area.setWater(area.getObject('lava_target').tile_x, area.getObject('lava_target').tile_y);
						area.setWater(area.getObject('lava_target').tile_x-1, area.getObject('lava_target').tile_y);
						area.setWater(area.getObject('lava_target').tile_x+1, area.getObject('lava_target').tile_y);
					}
				</action>
				<invokeLater seconds="0.75"><run procedure="lava_target" /></invokeLater>
			</section>
			<section if="area.getObject('lava_target') != null && area.isWater(area.getObject('lava_target').tile_x, area.getObject('lava_target').tile_y)">
				<remove object="area.getObject('lava_target')" />
			</section>
		</choose>
	</procedure>
	<object id="lava_target" tile="RB_lava">
		<addedToArea>
			<action>
				if(area.getTileString(this.tile_x-3,this.tile_y+2) == 'ship'){
					setTile(this.tile_x+3, this.tile_y+2, 'empty');
				} else{
					setTile(this.tile_x-3, this.tile_y+2, 'empty');
				}
			</action>
			<run procedure="lava_target" />
		</addedToArea>
	</object>

	<object id="lava_trap" width="80" height="64">
		<over>
			<remove object="this" />
			<object id="RB.explosion" x="this.tile_x" y="this.tile_y" layer="npc" />
			<sound id="explosion" />
			<object id="lava_target" x="this.tile_x+2" y="this.tile_y-2" />
		</over>
	</object>

	<tilesheet id="holo_projector.png" width="10" height="21" />
	<tile id="holo_projector" sheet="holo_projector.png" x="0" y="0" />
	<animation id="holo_projector.idle" x="0" count="1" />
	<animation id="holo_projector.talk" x="0" count="1" />
	<animation id="holo_projector.form" x="1" count="15" length="2" />
	<animation id="holo_projector.idleForm" x="15" count="1" />
	<npc id="holo_projector" tile="holo_projector" action="talk" talk_sfx="talking3">
		<operate>
			<section>
				<dialogue section="projector" id="captain1" speaker='this' />
				<dialogue section="projector" id="captain2" speaker='this' />
				<play object='this' animation="form" modal="true" />
				<play object='this' animation="idleForm" loop="true" />
				<dialogue section="projector" id="captain3" />
				<dialogue section="projector" id="captain4" />
				<dialogue section="projector" id="captain5" />
				<dialogue section="projector" id="captain6" speaker='this' />
				<play object='this' animation="idle" loop="true" />
				<action>setFlag('captainRecording',true);</action>
			</section>
		</operate>
	</npc>

	<structure id="robot_log1" width="11" height="12" image="medicom.png" name="read">
		<operate>
			<dialogue text="December 25th - The captain must be joking! Even less tests on the bots? They start to get worse and he suggests we STOP trying to improve them and test to make sure nothing bad happens???" />
		</operate>
	</structure>

	<structure id="robot_log2" width="11" height="12" image="medicom.png" name="read">
		<operate>
			<dialogue text="March 23rd - Somebody is really trying to piss me off, they keep changing the coding of the bots to do things they aren't supposed to, no one wants to own up, what happened then, did they suddenly gain fucking sentience???" />
		</operate>
	</structure>

</structures>
