<?xml version="1.0" encoding="utf-8" ?>
<parallax>
	<parallax id="thirallan_mountains" mapBG="1F2A1F" mapBGHeight="50">
		<layer p="0">
			<tile id="thirallan_sky" animation="sky" offsetY="17" />
			<tile id="thirallan_sky" animation="sky" offsetY="-45" />
			<rect color="1F2A1F" x="0" y="80" width="256" height="64" />
		</layer>
		<layer p="0" storm="false">
			<tile id="thirallan_sun" animation="sun" fps="5" rise="5" set="20" dir="left" pathHeight="96" pathTop="-16" sun="true" />
		</layer>
		<layer p="0.25"><tile sheet="{core}/start/parallax/tiles256.png" x="6" loop="true" offsetX="16" /></layer>
		<layer p="0.35"><tile sheet="{core}/start/parallax/tiles256.png" x="1" loop="true" dy="8" /></layer>
	</parallax>
</parallax>
