<?xml version="1.0" encoding="utf-8" ?>
<areas>
  <!-- All Primary Areas -->
  <include id="zargoroth_haven/zargoroth_haven.xml" />
  <include id="undying_peninsula/undying_peninsula.xml" />
  <include id="thirallan_mountains/thirallan_mountains.xml" />
  <include id="thirallan_desert/thirallan_desert.xml" />
  <include id="rotting_forest/rotting_forest.xml" />
  <include id="holy_hills/holy_hills.xml" />
  <include id="gold_excavation/gold_excavation.xml" />
  <include id="gold_diggers_haven/gold_diggers_haven.xml" />
  <include id="fang_plains/fang_plains.xml" />
  <include id="beast_forest/beast_forest.xml" />
  <include id="phoenix_plateau/phoenix_plateau.xml" />
  <include id="purifier/purifier.xml" />

  <!-- Misc. Areas -->
  <area id="purifier_get_fucked" width="75" height="1" planet="thirallan_alchemist">
    <tiles id="blackstone" y="0" />
    <object id="purifier_get_fucked" x="15" y="-3" />
    <init><runAreaLoad/></init>
    <onLoad><music id="purified_encounter" seconds="1" /><dialogue section="common" id="early_escape" if="getFlag('purifier_get_fucked')" /></onLoad>
  </area>

  <area id="thirallan_map" width="9" height="9" shouldLight="false">
    <tiles id="empty" start="0" end="1" />
    <action>for(x in 0...10) for(y in 0...10) mine(x,y);</action>
    <set id="ar" value="[[1,5],[1,6],[1,7],[1,1],[1,2],[2,4],[2,6],[4,5],[4,2],[7,5],[6,3],[5,8],[5,5]]" />
    <set id="exits" value="[]" /><set id="i" value="0" />
    <structure id="thirallan_map" x="0" y="8" />
    <action>

      exits.push({area: "thirallan_zargoroth", x:50, y:-1});
      exits.push({area: "thirallan_undying_peninsula", x:50, y:-1});
      exits.push({area: "thirallan_undying_peninsula", x:50, y:-1});
      exits.push({area: "thirallan_beast_forest", x:50, y:-1});
      exits.push({area: "thirallan_beast_forest", x:50, y:-1});
      exits.push({area: "thirallan_mountains", x:50, y:-1});
      exits.push({area: "thirallan_holy_hills", x:50, y:-1});
      exits.push({area: "thirallan_rotting_forest", x:50, y:-1});
      exits.push({area: "thirallan_fang_plains", x:50, y:-1});
      exits.push({area: "thirallan_gold_diggers_haven", x:50, y:-1});
      exits.push({area: "thirallan_gold_excavation", x:50, y:-1});
      exits.push({area: "thirallan_phoenix_plateau", x:50, y:-1});
      exits.push({area: "thirallan_desert", x:50, y:-1});

      for(i in 0...exits.length){
        var s = buildStructure("thirallan_map_entrance",ar[i][0],ar[i][1]);
        var exit = exits[i]; s.area_id = exit.area; s.x = exit.x*Tile.SIZE; s.y = exit.y*Tile.SIZE;
      }


      for(x in -1...10){setTile(x,0,"empty"); setTile(x,9,"empty");}
      for(y in -1...10){setTile(-1,y,"empty"); setTile(8,y,"empty");}

    </action>
    <init><runAreaLoad/></init>
    <onLoad><dialogue text="Use your Map of Thirallan item to return your original location." /></onLoad>
  </area>

  <!-- Planet & System -->

  <animation id="planet.thirallan">
    <append tile="planet7" animation="single" color="009F60" colorScale="2" />
    <append tile="planet7.land1" animation="single" color="0b461f" colorScale="2" />
    <append tile="planet7.clouds" animation="single" color="1F2A1F" />
    <append tile="planet7.shadow" animation="single" color="1F2A1F" /><frame visible="false" />
  </animation>

  <tile id="thirallan.atmosphere" sheet="{mod:full_version}/space/atmos.png" x="0" y="0" />
  <tile id="thirallan.clouds" sheet="{mod:full_version}/space/ground.png" x="0" />
  <tile id="thirallan.ground" sheet="{mod:full_version}/space/ground.png" x="1" />
  <animation id="thirallan.atmosphere" x="0" count="1" color="009F60" />
  <animation id="thirallan.clouds" x="0" count="1" color="1F2A1F" />
  <animation id="thirallan.ground" x="0" count="1" color="0b461f" />

  <planet id="thirallan_alchemist" height="80">
		<orbit id="thirallan_alchemist.orbit" width="512" height="64" background="thirallan.stars" distress="!player.questComplete('undead_shrines')">
      <area id="thirallan_zargoroth" x="0" />
			<init><runAreaLoad /></init>
			<onLoad><music id="orbit" seconds="1" /><radar tile="orbit.radar" animation="orbit.radar" padding="2" /></onLoad>
		</orbit>
	</planet>

  <parallax id="thirallan.stars" mapBG="0" skyColor="0">
    <layer p="0" glow="true" max_depth="10000"><tile sheet="{mod:full_version}/space/night_bg.png" x="0" y="0" /></layer>
    <layer p="0" glow="true" max_depth="10000">
      <tile id="sun" animation="sun" fps="5" rise="5" set="20" dir="left" pathHeight="96" pathTop="-16" sun="true" />
    </layer>
    <layer p="0" py="0.0125" max_depth="10000"><tile id="thirallan.atmosphere" animation="thirallan.atmosphere" offsetY="100" /></layer>
    <layer p="0" py="0.0125" id="thirallan.ground" scroll="0.0078125" max_depth="10000"><tile id="thirallan.ground" animation="thirallan.ground" offsetY="22" /></layer>
    <layer p="0" py="0.0125" id="thirallan.clouds" scroll="0.03125" max_depth="10000"><tile id="thirallan.clouds" animation="thirallan.clouds" offsetY="22" /></layer>
    <layer type="back" />
  </parallax>
</areas>
