<?xml version="1.0" encoding="utf-8" ?>
<enemies>
	<tilesheet id="whip_bot2.png" width="40" height="32" />
	<tile id="whip_bot" sheet="whip_bot2.png" x="0" y="0" />
	<animation id="whip_bot.idle">
		<frame x="0" />
		<frame x="1" />
		<frame x="2" />
		<frame x="3" length="3" />
	</animation>
	<animation id="whip_bot.walk" x="4" count="3" />
	<animation id="whip_bot.attack" x="7" count="6" length="2" />
	<enemy id="whip_bot" tile="whip_bot" health="25" defense="6" speed="1.5" damage="15" range="30" type="surface" vertical="true" passEnemies="true" friendlyFire="false">
		<loot id="moltanium_ore" p="16" />
		<loot id="robot_core" p="10" />
		<loot id="robot_wheel" p="5" />
		<loot id="robot_whip" p="3" />
	</enemy>
	<tilesheet id="moltanium_drone.png" width="32" height="16" />
	<tile id="moltanium_drone" sheet="moltanium_drone.png" x="0" y="0" />
	<animation id="moltanium_drone.idle">
		<frame x="0" />
		<frame x="1" offsetY="-2" />
		<frame x="2" offsetY="-4" />
		<frame x="2" offsetY="-4" />
		<frame x="0" offsetY="-2 "/>
		<frame x="1" />
		<frame x="2" offsetY="-3" />
	</animation>
	<animation id="moltanium_drone.walk">
		<frame x="3" />
		<frame x="4" offsetY="-2" />
		<frame x="5" offsetY="-4" />
		<frame x="5" offsetY="-4" />
		<frame x="3" offsetY="-2 "/>
		<frame x="4" />
		<frame x="5" offsetY="-3" />
	</animation>
	<enemy id="large_drone" tile="moltanium_drone" health="35" defense="4" speed="2" range="10" type="surface" flying="true" vertical="true" passEnemies="true" friendlyFire="false">
		<loot id="moltanium_ore" p="16" />
		<loot id="robot_core" p="10" />
		<loot id="robot_thruster" p="5" />
		<loot id="robot_blaster" p="3" />
		<attack type="projectile" damage="20" range="15" cooldown="120">
				<projectile tile="laser_bolt" animation="laser_bolt" speed="3" range="20" />
		</attack>
	</enemy>
	<tilesheet id="robot_miniTank.png" width="32" height="20" />
	<tile id="moltanium_tank" sheet="robot_miniTank.png" x="0" y="0" />
	<animation id="moltanium_tank.idle" x="0" count="1" />
	<animation id="moltanium_tank.walk" x="0" count="3" />
	<animation id="moltanium_tank.attack" x="3" count="3" length="2" />
	<enemy id="small_tank" tile="moltanium_tank" health="25" defense="5" speed="2" range="10" type="surface" passEnemies="true" friendlyFire="false">
		<loot id="moltanium_ore" p="16" />
		<loot id="robot_core" p="10" />
		<loot id="robot_blaster" p="5" />
		<loot id="robot_wheel" p="5" />
		<attack type="projectile" damage="25" range="15" animation="attack" cooldown="60">
				<projectile tile="laser_bolt" animation="laser_bolt" speed="3" range="15" />
		</attack>
	</enemy>
	<tilesheet id="robot_ship.png" width="32" height="32" />
	<tile id="RB_enemy_ship" sheet="robot_ship.png" x="0" y="0" />
	<animation id="RB_enemy_ship.idle" x="0" count="4" />
	<animation id="RB_enemy_ship.walk" equals="RB_enemy_ship.idle" />
	<animation id="RB_enemy_ship.attack" x="0" count="4" />
	<enemy id="RB_enemy_ship" tile="RB_enemy_ship" health="50" defense="6" flying="true" range="20" speed="2" type="surface" passEnemies="true" friendlyFire="false" vertical="true">
		<loot id="moltanium" p="16" />
		<loot id="robot_core" p="10" />
		<loot id="robot_blaster" p="5" />
		<attack type="projectile" damage="30" range="20" animation="attack">
			<projectile tile="laser_bolt" animation="laser_bolt" speed="3" range="20" />
		</attack>
	</enemy>
	<tilesheet id="RB_boss.png" width="32" height="32" />
	<tile id="RB_boss" sheet="RB_boss.png" x="0" y="0" />
	<animation id="RB_boss.idle" x="0" count="2" />
	<animation id="RB_boss.walk" equals="RB_boss.idle" />
	<animation id="RB_boss.attack" x="2" count="4" />
	<animation id="RB_boss.omni" x="6" count="3" />
	<procedure id="RB_boss_start">
		<pan toObject="area.getObject('RB_boss')" seconds="1" />
		<dialogue section="robots" id="boss1" />
		<dialogue section="robots" id="boss2" />
	</procedure>
	<tile id="RB_smallBoss" sheet="RB_boss_small.png" x="0" y="0" />
	<animation id="RB_smallBoss.idle" x="0" count="2" />
	<animation id="RB_smallBoss.walk" equals="RB_smallBoss.idle" />
	<animation id="RB_smallBoss.attack" x="2" count="4" length="2" />
	<animation id="RB_smallBoss.omni" x="6" count="3" />
	<enemy id="RB_boss" tile="RB_boss" health="50" defense="12" range="20" speed="1.5" type="surface" vertical="true" passEnemies="true" friendlyFire="false" underwater="true">
		<light tile="light.large" color="059800" />
		<attack type="projectile" damage="20" range="20" animation="attack" cooldown="60">
			<projectile tile="laser_bolt" animation="laser_bolt" speed="3" range="20" />
		</attack>
		<onHit><attack type="omni" damage="10" range="2" knockback="20" animation="omni" /></onHit>
		<onDeath>
			<complete quest="RB_old_ship" useResources="true" />
			<object id="RB_smallBoss" x="this.tile_x+1" y="this.tile_y" if="area.hasTile(this.tile_x+1,this.tile_y,'front') == false"/>
			<object id="RB_smallBoss" x="this.tile_x-1" y="this.tile_y" if="area.hasTile(this.tile_x-1,this.tile_y,'front') == false"/>
			<object id="RB_smallBoss" x="this.tile_x" y="this.tile_y+1" if="area.hasTile(this.tile_x,this.tile_y+1,'front') == false"/>
			<object id="RB_smallBoss" x="this.tile_x" y="this.tile_y-1" if="area.hasTile(this.tile_x,this.tile_y-1,'front') == false"/>
		</onDeath>
	</enemy>
	<enemy id="RB_smallBoss" extends="RB_boss" tile="RB_smallBoss" health="15" speed="2.5">
		<onDeath><stop/></onDeath>
	</enemy>

	<enemy id="molten_cyborg" tile="moltanium_tank" health="1" defense="1" />


	<tile id="flame_tile" sheet="flame_tile.png" x="0" y="0" />
	<object id="flame_wall" tile="flame_tile" animation="item5">
		<light tile="light.small" color="e2dca7" />
		<addedToArea>
			<action>setTile(this.tile_x,this.tile_y,"empty");</action>
		</addedToArea>
		<removedFromArea>
			<action>setTile(this.tile_x,this.tile_y,null);</action>
		</removedFromArea>
	</object>

		<enemy id="moltanium_tank_abyssalFight" extends="small_tank" vertical="true" underground="true">
			<onDeath>
				<section if="player.getKillCount('moltanium_tank_abyssalFight') == 3">
					<action>
						enemystring = "";
						for( y in [15,20] ) {
							for( x in [15,22] ) {
								enemystring += '&lt;object id="moltanium_drone_abyssalFight" x="' +x+ '" y="' +y+ '" />';
							}
							enemystring += '&lt;invokeLater seconds="'+10/y+'"/>';
						}
						evalXml(enemystring);
					</action>
				</section>
			</onDeath>
		</enemy>
		<enemy id="moltanium_drone_abyssalFight" extends="large_drone" vertical="true" underground="true">
			<onDeath>
				<section if="player.getKillCount('moltanium_drone_abyssalFight') == 3">
					<action>
						enemystring = "";
						for( y in [15,20] ) {
							for( x in [15,22] ) {
								enemystring += '&lt;object id="moltanium_whip_bot_abyssalFight" x="' +x+ '" y="' +y+ '" />';
							}
							enemystring += '&lt;invokeLater seconds="'+10/y+'"/>';
						}
						evalXml(enemystring);
					</action>
				</section>
			</onDeath>
		</enemy>
		<enemy id="moltanium_whip_bot_abyssalFight" extends="whip_bot" vertical="true" underground="true">
			<onDeath>
				<section if="player.getKillCount('moltanium_whip_bot_abyssalFight') == 3">
					<action>
						enemystring = "";
							for( x in [15,22] ) {
								enemystring += '&lt;object id="moltanium_RB_boss_abyssalFight" x="' +x+ '" y="15" />';
							}
						evalXml(enemystring);
					</action>
				</section>
			</onDeath>
		</enemy>
		<enemy id="moltanium_RB_boss_abyssalFight" extends="RB_boss">
			<onDeath>
				<section>
					<choose>
						<section if="player.getKillCount('moltanium_RB_boss_abyssalFight') == 1 && !getFlag('deathEventOne')">
							<action>
								firestring = "";
								fireName = "'flame_wall'";
								for( i in 0...30 ) {

									firestring += '&lt;remove object="area.getObject('+fireName+')" />';
									firestring += '&lt;wait seconds="'+2/i+'" modal="false" />';
								}
								evalXml(firestring);

								firestring = "";
								for( y in 10...24 ) {
									for( x in [14,24] ) {
										setTile(x,y,null);
									}
								}

								setFlag('deathEventOne',true);
							</action>
							<runAreaLoad/>
							<stop/>
						</section>
						<section if="player.getKillCount('moltanium_RB_boss_abyssalFight') == 1 && getFlag('deathEventOne')">
							<action>
								fireName = "'flame_wall'";
								for(y in 14...18){evalXml('&lt;remove object="area.getObject('+fireName+')" />'); setTile(13,y,null);}
							</action>
						</section>
					</choose>
					<stop/>
				</section>
			</onDeath>
		</enemy>

	<tilesheet id="abyssal_one.png" width="32" height="32" />
	<tile id="abyssal_one" sheet="abyssal_one.png" x="0" y="0" />
	<animation id="abyssal_one.reach_out">
		<frame x="1" length="4" />
		<frame x="2" length="4" />
		<frame x="3" length="4" />
		<frame x="4" />
		<frame x="5" />
		<frame x="6" />
	</animation>
	<object id="abyssal_blast" tile="magic_blast" animation="magic_blast" removeOnComplete="true" layer="top" save="false" fps="10" />
	<object id="abyssal_one_starter" tile="abyssal_one" />
	<object id="abyssal_one_hotspot" width="16" height="256">
		<over>
			<remove object="this" />
			<set id="abyssal" value="area.getObject('abyssal_one_starter')" />
			<move object="abyssal" x="player.tile_x-2" y="player.tile_y" />
			<wait seconds="0.25">
				<operate object="abyssal" />
			</wait>
			<lerp object="abyssal" alpha="0.3" seconds="1" modal="true" />
			<play object="abyssal" animation="abyssal_one.reach_out" modal="true" />
			<object id="abyssal_blast" x="player.tile_x-1" y="player.tile_y+1" />
			<damage object="player" damage="30" knockback="114" attacker="abyssal" />
			<wait seconds="1" modal="false" />
			<action>
			  firestring = "";
			  for( y in 10...24 ) {
			    for( x in [14,24] ) {
			      firestring += '&lt;object id="flame_wall" x="' +x+ '" y="' +y+ '" />';
			    }
			    firestring += '&lt;wait seconds="'+4/y+'"/>';
			  }
			  evalXml(firestring);
			</action>
			<action>
					enemystring = "";
					for( y in [15,20] ) {
						for( x in [15,22] ) {
							enemystring += '&lt;object id="moltanium_tank_abyssalFight" x="' +x+ '" y="' +y+ '" />';
						}
						enemystring += '&lt;invokeLater seconds="'+10/y+'"/>';
					}
					evalXml(enemystring);
			</action>
			<music id="robo_peril" seconds="1" />
			<remove object="area.getObject('abyssal_one_starter')" />
		</over>
	</object>
</enemies>
