<?xml version="1.0" encoding="utf-8" ?>
<areas>
  <include id="maze.xml" />
  <area id="purifier_void" width="25" height="1" background="black" planet="thirallan_alchemist" corrupted="true">
    <tiles id="blackstone" start="0" end="1" />
    <object id="campaign_purifier_head" x="12" y="-5" />
    <object id="campaign_purifier_hand_l" x="10" y="-3" />
    <object id="campaign_purifier_hand_r" x="14" y="-3" />
    <structure id="struggle_structure" x="10" y="-1" />
    <init><runAreaLoad/></init>
    <onLoad>
      <music id="purified_encounter" seconds="1" />
    </onLoad>
  </area>
</areas>
