<?xml version="1.0" encoding="utf-8" ?>
<areas>

  <include id="parallax/parallax.xml" />

  <area id="monastery_outside" width="50" height="30">
    <tiles id="blood_dirt" start="0" end="1" />
    <tiles id="blood_grass" y="0" />
    <objects id="blood_trees" count="10" fromX="0" toX="50" y="-1" />
  </area>

  <area id="thirallan_monastery" background="thirallan_monastery" width="176" height="30" looping="true" name="common.thirallan_monastery">
    <tiles id="blood_dirt" start="0" end="1" />
    <tiles id="monastery_stone" y="0" />
    <action>for(y in -10...0){setTile(50,y,"monastery_stone"); setTile(125,y,"monastery_stone");}</action>
    <object id="ligart" x="75" y="-1" />
    <object id="gilbert_monastery" x="100" y="-1" />
    <object id="hadvarr_monastery" x="105" y="-1" />
    <object id="azriel" x="51" y="-1" />
    <appendArea id="monastery_outside" offsetX="0" />
    <appendArea id="monastery_outside" offsetX="126" />
    <structure id="monastery_cathedral" x="80" y="-1" />
    <structure id="monastery_exit" x="63" y="-1" />
    <onLoad>
      <music id="magic2" seconds="1" />
      <section if="player.hasQuest('rebuild_monastery')">
        <section if="getFlag('merchants_recruited') && area.getStructureById('monastery_weaps_market') == null">
          <structure id="monastery_market" x="113" />
        </section>
        <section if="getFlag('andreas_recruited') && area.getObject('andreas') == null">
          <structure id="monastery.mines_entrance" x="106" />
          <structure id="monastery.mines_exit" x="106" y="2" />
          <object id="andreas_monastery" x="106" y="2" />
          <action>for(x in 100...106) for(y in 1...6) mine(x,y);</action>
          <structure id="storehouse" x="100" y="6" />
        </section>
      </section>
    </onLoad>
  </area>

  <area id="thirallan_cathedral" width="21" height="1" external="thirallan_monastery">
    <tiles id="monastery_stone" y="0" />
    <action>
      for(y in -30...0){setTile(0,y,"monastery_stone"); setTile(20,y,"monastery_stone");}
      for(x in 1...19) setTile(x,-10,"monastery_stone");
      for(y in -10...0){setTile(1,y,"steel_ladder"); setTile(19,y,"steel_ladder"); mine(1,y); mine(19,y);}
      for(x in 1...19) setTile(x,-20,"monastery_stone");
      for(y in -20...-10){setTile(1,y,"steel_ladder"); setTile(19,y,"steel_ladder"); mine(1,y); mine(19,y);}
    </action>
    <shape type="trapezoid">
      <top y="-40" fromX="10" toX="11" />
      <bottom y="-20" fromX="1" toX="19" />
    </shape>
    <action>
      for(x in 1...19) mine(x,-21);
    </action>
    <object id="gilbert_cathedral" x="4" y="-11" />
    <object id="hadvarr_cathedral" x="5" y="-1" />
    <onLoad><section if="getFlag('iterol_recruited') && area.getObject('iterol') == null" ><object id="iterol" x="6" y="-21" /></section></onLoad>
  </area>

  <area id="thirallan_rotting_forest" background="thirallan_rotting_forest" width="150" height="100" looping="true" name="common.thirallan_rotting_forest">
    <tiles id="blood_dirt" start="0" end="0.5" />
    <tiles id="obsidian" start="0.5" end="1" />
    <tiles id="blood_grass" y="0" />
    <tiles id="blackstone" y="99" />
    <ore id="blood_gem" start="0.4" end="0.5" percent="0.0025" tile="blood_dirt" />
    <ore id="iron" start="0.2" end="0.5" percent="0.0125" tile="blood_dirt" />
    <ore id="iron" start="0.1" end="0.2" percent="0.000625" tile="blood_dirt" />
    <ore id="coal" start="0.0" end="0.4" percent="0.0375" tile="blood_dirt" />
    <ore id="titanium" start="0.6" end="1.0" percent="0.0125" tile="obsidian" />
    <ore id="malumite_ore" start="0.6" end="1.0" percent="0.0375" tile="obsidian" />
    <ore id="gold" start="0.6" end="0.8" percent="0.0125" tile="obsidian" />
    <ore id="exotic_matter" start="0.9" end="1.0" percent="0.00025" tile="obsidian" />
    <ore id="quartz" start="0.6" end="0.7" percent="0.0125" tile="obsidian" />
    <ore id="uranium" start="0.7" end="1.0" percent="0.0025" tile="obsidian" />
    <ore id="lava" start="0.7" end="0.8" percent="1" tile="obsidian" />
    <structure id="undead_shrine" x="125" y="-1" />
    <structure id="monastery_entrance" x="59" y="-1" />
    <init><runAreaLoad/></init>
    <onLoad><music id="heights" seconds="1" /></onLoad>
  </area>



</areas>
