<?xml version="1.0" encoding="utf-8" ?>
<areas>

  <area id="thirallan_gold_diggers_haven" background="thirallan_zargoroth" width="150" height="100" looping="true" planet="thirallan_alchemist">
    <tiles id="dirt" start="0" end="0.5" />
    <tiles id="stone" start="0.5" end="1" />
    <tiles id="grass" y="0" />
    <tiles id="blackstone" y="99" />
    <ore id="quartz" start="0.4" end="0.5" percent="0.0025" tile="dirt" />
    <ore id="iron" start="0.2" end="0.5" percent="0.0125" tile="dirt" />
    <ore id="iron" start="0.1" end="0.2" percent="0.000625" tile="dirt" />
    <ore id="coal" start="0.0" end="0.4" percent="0.0375" tile="dirt" />
    <ore id="gold" start="0.4" end="0.5" percent="0.000625" tile="dirt" />
    <ore id="diamond" start="0.9" end="1.0" percent="0.0025" tile="stone" />
    <ore id="gold" start="0.5" end="1.0" percent="0.0125" tile="stone" />
    <ore id="malumite_ore" start="0.5" end="0.9" percent="0.0375" tile="stone" />
    <ore id="lava" start="0.7" end="0.8" percent="1" tile="stone" />
    <objects id="tree" y="-1" startX="0" endX="50" minDist="6" maxDist="6" array="left" />
    <objects id="tree" y="-1" startX="100" endX="150" minDist="6" maxDist="6" array="right" />
    <object id="iterol" x="32" y="-1" />
    <structure id="hut" x="30" y="-1" />
    <structure id="undead_shrine.gold_diggers_haven" x="80" y="-1" />
    <objects id="undead" fromX="60" toX="100" fromY="-1" toY="-1" count="6" />
    <spawner id="undead" time="100" count="3" fromX="0" toX="150" fromY="-1" toY="-1" />
    <init><runAreaLoad /></init>
    <onLoad>
      <music id="breezing_seas" seconds="1" />
    </onLoad>
  </area>

</areas>
