<tilesheet id='deathbourne_scene.png' width='256' height='144'>
	<image frame='0' x='0' y='0' width='27' height='135' offsetX='136' offsetY='4' />
	<image frame='1' x='27' y='0' width='27' height='135' offsetX='136' offsetY='4' />
	<image frame='2' x='54' y='0' width='27' height='135' offsetX='136' offsetY='4' />
	<image frame='3' x='81' y='0' width='27' height='135' offsetX='136' offsetY='4' />
	<image frame='4' x='108' y='0' width='27' height='135' offsetX='136' offsetY='4' />
	<image frame='5' x='135' y='0' width='27' height='135' offsetX='136' offsetY='4' />
	<image frame='6' x='162' y='0' width='27' height='135' offsetX='136' offsetY='4' />
	<image frame='7' x='189' y='0' width='27' height='135' offsetX='136' offsetY='4' />
	<image frame='12' x='216' y='0' width='27' height='135' offsetX='136' offsetY='4' />
	<image frame='8' equals='0' offsetX='136' offsetY='4' />
	<image frame='9' equals='6' offsetX='136' offsetY='4' />
	<image frame='10' equals='7' offsetX='136' offsetY='4' />
	<image frame='11' equals='0' offsetX='136' offsetY='4' />
	<image frame='13' equals='0' offsetX='136' offsetY='4' />
	<image frame='14' equals='7' offsetX='136' offsetY='4' />
</tilesheet>
