<?xml version="1.0" encoding="utf-8" ?>
<areas>

  <include id="parallax/parallax.xml" />

  <area id="thirallan_zargoroth" background="thirallan_zargoroth" width="150" height="100" planet="thirallan_alchemist">
    <shore x="-1" top="sand_top" bottom="sand" trans1="dirt_sand2" trans2="dirt_sand1" flip="true" dock="dock_empty" height="96" />
    <shore x="150" top="sand_top" bottom="sand" dock="dock_empty_flip" trans1="dirt_sand1" trans2="dirt_sand2" />
    <tiles id="dirt" start="0" end="0.5" />
    <tiles id="stone" start="0.5" end="1" />
    <tiles id="grass" y="0" />
    <tiles id="blackstone" y="99" />
    <ore id="quartz" start="0.4" end="0.5" percent="0.0025" tile="dirt" />
    <ore id="iron" start="0.2" end="0.5" percent="0.0125" tile="dirt" />
    <ore id="iron" start="0.1" end="0.2" percent="0.000625" tile="dirt" />
    <ore id="coal" start="0.0" end="0.4" percent="0.0375" tile="dirt" />
    <ore id="gold" start="0.4" end="0.5" percent="0.000625" tile="dirt" />
    <ore id="diamond" start="0.9" end="1.0" percent="0.0025" tile="stone" />
    <ore id="gold" start="0.5" end="1.0" percent="0.0125" tile="stone" />
    <ore id="malumite_ore" start="0.5" end="0.9" percent="0.0375" tile="stone" />
    <ore id="lava" start="0.7" end="0.8" percent="1" tile="stone" />
    <objects id="tree" y="-1" startX="0" endX="50" minDist="6" maxDist="6" array="left" />
    <objects id="tree" y="-1" startX="100" endX="150" minDist="6" maxDist="6" array="right" />
    <structure id="hut" x="60" y="-1" />
    <structure id="storehouse" x="70" y="-1" />
    <structure id="kitchen2" x="80" y="-1" />
    <structure id="thirallan_zargoroth.mines" x="90" y="-1" />
    <object id="peredur" x="25" y="-1" />
    <object id="zargoroth_npc" x="55" y="-1" />
    <object id="pyrrhos" x="75" y="-1" />
    <object id="tomkin" x="60" y="-1" />
    <appendArea id="sea_floor"><params area_left="-250" area_right="330" area_width="150" area_height="100" /></appendArea>
    <objects id="undead" fromX="0" toX="150" fromY="-1" toY="-1" count="6" />
    <spawner id="undead" time="100" count="3" fromX="0" toX="150" fromY="-1" toY="-1" enabled="!getFlag('blood_moon')" />
    <spawner id="corrupted_spider" time="200" count="3" fromX="0" toX="150" fromY="-1" toY="-1" enabled="isNight()" />
    <spawner id="blood_zombie" time="100" count="2" fromX="0" toX="150" fromY="-1" toY="-1" enabled="getFlag('blood_moon')" />
    <spawner id="floating_blood" time="100" count="2" fromX="0" toX="150" fromY="-1" toY="-3" enabled="getFlag('blood_moon')" ground="false" />
    <init><runAreaLoad /></init>
    <onLoad>
      <run procedure="corruption_check" />
      <section if="!getFlag('blood_moon')">
        <music id="zargoroth_haven" seconds="1" />
        <weather type="fog" alpha="1" color="1F2A1F" x="-50" y="0" width="250" height="25" dx="0.3" dy="0.3" />
      </section>
      <section if="getFlag('blood_moon')">
        <music id="purified_encounter" seconds="1" />
        <weather type="fog" alpha="0.75" color="5C0000" x="-50" y="0" width="250" height="25" dx="0.3" dy="0.3" />
      </section>
      <section if="(player.hasQuest('purifiers_side') || player.hasQuest('UC_side')) && !getFlag('martians_dead')">
        <remove object="area.getObject('guard_chief')" />
        <remove object="area.getObject('pyrrhos')" />
        <run procedure="unknown_start" />
      </section>
      <section if="!isNight() && player.questComplete('blood_moon')">
        <run procedure="check_blood_moon" />
      </section>
      <appendArea id="sea_floor" if="area.getObject('seaweed') == null"><params area_left="-250" area_right="330" area_width="192" area_height="96" /></appendArea>
      <action if="area.getTileString(-5, 33, BASE_LAYER) != 'blackstone'">for(x in -5...0) setTile(x, 33, "blackstone")</action>
      <action if="area.getTileString(-5, 41, BASE_LAYER) != 'blackstone'">for(x in -5...0) setTile(x, 41, 'blackstone'); for(y in 33...41) setTile(-2, y, 'blackstone');</action>
    </onLoad>
  </area>

  <area id="jacominus_rest" width="20" height="30">
    <tiles id="fuck_off_stone" start="0" end="1" />
    <action>
      for(x in 1...20) for(y in 19...30) mine(x,y);
      for(x in 1...20) for(y in 1...13) mine(x,y);
      for(y in 13...20) mine(10,y);
    </action>
    <object id="jacominus" x="10" y="3" />
  </area>

  <!--action>
    function disperse_cave_in(x, y){
      var randTile = randInt(1,5);
      setTile(x, y, "fragmented_stone"+randTile);
    }
  </action-->

  <!--area id="thirallan_zargoroth.mines" width="50" height="100" corrupted="true" planet="thirallan_alchemist">
    <structure id="thirallan_zargoroth.mines.ret" x="1" y="15" />
    <structure id="undead_shrine" x="40" y="75" />
    <action>
      setBack(1, 27, "stone"); setBack(2, 27, "stone"); setBack(1, 28, "stone"); setBack(2, 28, "stone");
      dy = random()>0.5?1:30; for(y in 0...10) for(x in 30...40) setBack(x, y+dy, "stone");
    </action>
    <maze floor="stone" wall="blackstone" width="30" height="99" />
    <appendArea id="jacominus_rest" offsetX="30" offsetY="30" />
    <action>
      for(x in 30...49) for(y in 1...99){setTile(x,y,"stone"); setBack(x,y,"stone"); mine(x,y);}
      for(x in 30...49){setTile(x,0,"blackstone"); setTile(x,99,"blackstone");} for(y in 0...100) setTile(49,y,"blackstone");
      for(x in 31...48) for(y in 19...30) mine(x,y);
      for(x in 31...48) for(y in 1...13) mine(x,y);
      for(y in 13...20) mine(40,y);
      for(y in 1...98) mine(29,y);
      for(x in 1...3) for(y in 14...16) mine(x,y);
    </action>
    <objects id="undead_shrineDefender" count="7" fromX="30" toX="49" fromY="80" toY="99" />
  </area-->

  <area id="thirallan_zargoroth.mines" height="1" corrupted="true" planet="thirallan_alchemist">
    <tiles from="haven_mines.png" x="0" y="-1">
          <!--Stone & Blackstone--><tile id="stone" color="655e5e" /><tile id="blackstone" color="000000" />
          <!--Mine Path--><tile id="stone" color="eeeeee" layer="back" />
          <!--Cave-ins--><tile id="fragmented_stone" color="7d7373">setBack(x, y, "stone")</tile>
          <!--Ruins Walls--><tile id="monastery_stone" color="f9bf4d" />
          <!--Ruins Floors--><tile id="monastery_stone" color="005fdf" layer="back" />
          <!--Cave-ins in Ruins--><tile id="fragmented_stone" color="6d6565">setBack(x, y, "monastery_stone")</tile>
          <!--Torches in Mine--><tile id="stone" color="ffde00" layer="back">area.addObject(ObjectInfo.make("wall_torch", x*Tile.SIZE, y*Tile.SIZE))</tile>
          <!--Torches in Ruins--><tile id="monastery_stone" color="443c00" layer="back">area.addObject(ObjectInfo.make("wall_torch", x*Tile.SIZE, y*Tile.SIZE))</tile>
          <!--Falling Stones in Mine--><tile id="stone" color="4d0101" layer="back">area.addObject(ObjectInfo.make("falling_stones", (x*Tile.SIZE)-1, (y*Tile.SIZE)+2))</tile>
          <!--Falling Stones in Ruins--><tile id="monastery_stone" color="6b0101" layer="back">area.addObject(ObjectInfo.make("falling_stones", (x*Tile.SIZE)-2, (y*Tile.SIZE)+2))</tile>
          <!--Peredur Desk--><tile id="monastery_stone" color="fdce82" layer="back">area.addObject(ObjectInfo.make("peredur_desk", x*Tile.SIZE, y*Tile.SIZE))</tile>
          <!--Note 1--><tile id="monastery_stone" color="e79999" layer="back">area.addObject(ObjectInfo.make("mines_note1", x*Tile.SIZE, y*Tile.SIZE))</tile>
          <!--Note 2--><tile id="monastery_stone" color="fddaa0" layer="back">area.addObject(ObjectInfo.make("mines_note2", x*Tile.SIZE, y*Tile.SIZE))</tile>
          <!--Ruins Entrance--><tile id="monastery_stone" color="ae2c2c" layer="back">getStructure("haven_mines_ruins_entrance").build(null, area, x*Tile.SIZE, y*Tile.SIZE);</tile>
          <!--Mines Exit--><tile id="stone" color="00edff" layer="back">getStructure("thirallan_zargoroth.mines.ret").build(null, area, x*Tile.SIZE, y*Tile.SIZE);</tile>
    </tiles>
		<light x="5" y="5" size="4" />
    <structure id="undead_cage" x="6" y="44" ><addAnimal id="undead" /></structure>
    <structure id="undead_cage" x="9" y="44" ><addAnimal id="undead" /></structure>
    <init>
      <runAreaLoad/>
    </init>
    <onLoad>
      <music id="haven_mines" seconds="1" />
    </onLoad>
  </area>

  <area id="haven_ruins" height="1" corrupted="true" planet="thirallan_alchemist">
    <tiles from="haven_ruins.png" x="0" y="-1">
          <!--Ruins Walls--><tile id="monastery_stone" color="f9bf4d" />
          <!--Ruins Floors--><tile id="monastery_stone" color="005fdf" layer="back" />
          <!--Boss Gates--><tile id="monastery_stone" color="00edff" layer="back">getStructure("boss_gate_open").build(null, area, x*Tile.SIZE, y*Tile.SIZE);</tile>
          <!--Blue Torches--><tile id="monastery_stone" color="ae2c2c" layer="back">area.addObject(ObjectInfo.make("blue_wall_torch", x*Tile.SIZE, y*Tile.SIZE))</tile>
          <!--Cacoon Opener--><tile id="monastery_stone" color="443c00" layer="back">area.addObject(ObjectInfo.make("cacoon_opener", x*Tile.SIZE, y*Tile.SIZE))</tile>
          <!--Jacominus--><tile id="monastery_stone" color="35006b" layer="back">area.addObject(ObjectInfo.make("jacominus_cacoon", x*Tile.SIZE, y*Tile.SIZE))</tile>
          <!--Ruins Exit--><tile id="monastery_stone" color="4d0101" layer="back">getStructure("haven_mines_ruins_entrance.ret").build(null, area, x*Tile.SIZE, y*Tile.SIZE);</tile>
          <!--Fallen Angel--><tile id="monastery_stone" color="eeeeee" layer="back">getStructure("undead_shrine").build(null, area, x*Tile.SIZE, y*Tile.SIZE);</tile>
    </tiles>
		<light x="5" y="5" size="4" />
    <structure id="undead_cage" x="6" y="44" ><addAnimal id="undead" /></structure>
    <structure id="undead_cage" x="9" y="44" ><addAnimal id="undead" /></structure>
    <init>
      <runAreaLoad/>
    </init>
    <onLoad>
      <music id="haven_mines" seconds="1" />
    </onLoad>
  </area>


</areas>