<?xml version="1.0" encoding="utf-8" ?>
<parallax>

	<parallax id="thirallan_monastery" mapBG="8b0000" mapBGHeight="30">
		<layer p="0">
			<tile sheet="{mod:thirallan:_alchemist_edition}/thirallan/areas/zargoroth_haven/parallax/blood_sky.png" x="0" y="0" offsetY="17" />
			<tile sheet="{mod:thirallan:_alchemist_edition}/thirallan/areas/zargoroth_haven/parallax/blood_sky.png" x="0" y="0" offsetY="-45" />
			<rect color="8b0000" x="0" y="80" width="256" height="64" />
		</layer>
		<layer p="0" storm="false">
			<tile id="sun" animation="sun" fps="5" rise="5" set="20" dir="left" pathHeight="96" pathTop="-16" sun="true" />
		</layer>
		<layer p="0.6" py="0.3">
			<tile sheet="monastery_wall_parallax.png" x="0" y="0" offsetX="500" loop="false" />
			<tile sheet="monastery_wall_parallax.png" x="0" y="0" offsetX="728" loop="false" />
			<tile sheet="monastery_wall_parallax.png" x="0" y="0" offsetX="956" loop="false" />
			<tile sheet="monastery_wall_parallax.png" x="0" y="0" offsetX="1006" loop="false" />
		</layer>
		<layer p="0.75">
			<tile sheet="{mod:full_version}/magic/structures/burned.3" x="0" y="0" offsetX="740" loop="false" />
			<tile sheet="{mod:full_version}/magic/structures/burned.3" x="0" y="1" offsetX="1180" loop="false" />
		</layer>
	</parallax>
	<parallax id="thirallan_rotting_forest" mapBG="8b0000" mapBGHeight="30">
		<layer p="0">
			<tile sheet="{mod:thirallan:_alchemist_edition}/thirallan/areas/zargoroth_haven/parallax/blood_sky.png" x="0" y="0" offsetY="17" />
			<tile sheet="{mod:thirallan:_alchemist_edition}/thirallan/areas/zargoroth_haven/parallax/blood_sky.png" x="0" y="0" offsetY="-45" />
			<rect color="8b0000" x="0" y="80" width="256" height="64" />
		</layer>
		<layer p="0" storm="false">
			<tile id="sun" animation="sun" fps="5" rise="5" set="20" dir="left" pathHeight="96" pathTop="-16" sun="true" />
		</layer>
	</parallax>

	<parallax id="thirallan_cathedral">

		<layer p="0">
			<tile sheet="cathedral_wall_parallax.png" x="0" y="0" loop="false" />
			<tile sheet="cathedral_wall_parallax.png" x="0" y="0" offsetY="-160" loop="false" />
			<tile sheet="cathedral_wall_parallax.png" x="0" y="0" offsetY="-320" loop="false" />
			<tile sheet="cathedral_wall_parallax.png" x="0" y="0" offsetX="160" loop="false" />
			<tile sheet="cathedral_wall_parallax.png" x="0" y="0" offsetX="160" offsetY="-160" loop="false" />
			<tile sheet="cathedral_wall_parallax.png" x="0" y="0" offsetX="160" offsetY="-320" loop="false" />
		</layer>
	</parallax>
</parallax>
