<?xml version="1.0" encoding="utf-8" ?>
<parallax>

	<parallax id="thirallan_desert" mapBG="1F2A1F" mapBGHeight="30">
		<layer p="0">
			<tile sheet="{mod:thirallan:_alchemist_edition}/thirallan/areas/zargoroth_haven/parallax/sky.png" x="0" y="0" offsetY="17" />
			<tile sheet="{mod:thirallan:_alchemist_edition}/thirallan/areas/zargoroth_haven/parallax/sky.png" x="0" y="0" offsetY="-45" />
			<rect color="1F2A1F" x="0" y="80" width="256" height="64" />
		</layer>
		<layer p="0" storm="false">
			<tile id="sun" animation="sun" fps="5" rise="5" set="20" dir="left" pathHeight="96" pathTop="-16" sun="true" />
		</layer>
		<layer p="0.75" py="1">
			<tile sheet="{core}/science1/parallax/desert.png" x="0" y="0" offsetX="64" />
			<tile sheet="{core}/science1/parallax/desert.png" x="0" y="2" offsetX="448" />
			<tile sheet="{core}/science1/parallax/desert.png" x="0" y="1" offsetX="800" />
		</layer>
	</parallax>

</parallax>
