<?xml version="1.0" encoding="utf-8" ?>
<items>
	<procedure id="ROD_reset">
		<action>
			setFlag('deathbourne_issue', false);
			setFlag('banished', false);
			setFlag('befriending', false);
			setFlag('fight', false);
			setFlag('dragon_chaos', false);
			setFlag('king_hostile', false);
			setFlag('king2_hostile', false);
			setFlag('kingdom_wars_begins', false);
			player.areas.remove('dragon_cave');
			player.areas.remove('dragon_cave2');
			player.areas.remove('dragon_home');
		</action>
		<remove quest="dragon_cave_sacrifice" />
		<remove quest="kingdom_beatdown" />
		<remove quest="dragon_cave_execution" />
		<remove quest="foolish_revival" />
		<action>setFlag('ROD_reset', true);</action>
	</procedure>
	<item id="dragon_teleporter" type="spellbook" weight="1" cost="200" icon="spellbook.ico" animation="magic_book.ico">
		<action id="use" name="travel">
			<section if="getFlag('ROD_reset')">
				<action>setGlobal("RODLocation", [area.id, player.tile_x, player.tile_y]);</action>
				<action>player.renderer.useItem(this)</action>
				<wait seconds="0.5" modal="false" />
				<hitEffect object="player" tile="alchemist" animation="alchemist.teleport" runPaused="true" />
				<lerp object="player" alpha="0" seconds="0.5" modal="true" />
				<section with="fade">
					<teleport area="dragon_start" x="5" y="-1" />
				</section>
				<stop/>
			</section>
			<section>
				<dialogue section="common" id="ROD_reset1" />
				<run procedure="ROD_reset" />
			</section>
		</action>
	</item>
	<tilesheet id="icons.png" width="16" height="10" />
	<tile id="ROD_guard.ico" sheet="icons.png" x="0" y="0" />
	<item id="exiled_dragon_prisoner" type="animal" canStore="false" icon="ROD_guard.ico" />
	<recipe id="craft_dragon_teleporter" type="dragon_teleportation" creates="dragon_teleporter" available="player.questComplete('oldone')">
		<item id="teleport_book" count="1" />
		<item id="evo_gem" count="1" />
	</recipe>

		<tile id="draemordion_armor.ico" sheet="{mod:full_version}/items/items.png" x="422" />
		<tile id="draemordion_helm.ico" sheet="{mod:full_version}/items/items.png" x="426" />

		<tile id="draemordion_armor" sheet="{mod:full_version}/items/adv/sheet.png" x="151" offsetX="2" offsetY="2" />
		<animation id="equipment.draemordion_armor.idle" x="41" count="8" offsetX="-3" offsetY="-2" />
		<animation id="equipment.draemordion_armor.walk" x="55" count="10" />
		<animation id="equipment.draemordion_armor.hit" x="49" count="6" />
		<animation id="equipment.draemordion_armor.death" x="0" count="41" />
		<item id="draemordion_armor" type="equipment" slot="armor" cost="6000" weight="10" action="equip" defense="8" color="830807" icon="draemordion_armor.ico" animation="item4" resistLava="true" />

		<tile id="draemordion_helm" x="269" sheet="{mod:full_version}/items/adv/sheet.png" />
		<animation id="equipment.draemordion_helm.idle" count="8" offsetX="-1" />
		<animation id="equipment.draemordion_helm.hit" x="8" count="6" offsetX="2" offsetY="2" />
		<animation id="draemordion_helm.acquire" x="0" count="12" color="14bb22" />
		<animation id="draemordion_helm.identify" x="12" count="5" color="14bb22" />
		<item id="draemordion_helm" type="equipment" slot="head" oxygen="100" action="equip" cost="1750" defense="1" weight="1" color="FF0100" icon="draemordion_helm.ico" animation="item8" hair="false" resistLava="true">
			<light tile="light.strong" color="B00100" flicker="true" /><identify tile="cyborg.identify" acquire="draemordion_helm.acquire" animation="draemordion_helm.identify" color="B00100" />
		</item>
</items>
