<?xml version="1.0" encoding="utf-8" ?>
<parallax>
		<tilesheet id="sky.png" width="256" height="64" />
		<tilesheet id="moon1.png" width="45" height="42" />
		<tile id="blood_moon" sheet="moon1.png" x="0" y="0" />
		<procedure id="zargoroth.bg">
			<section if="!getFlag('blood_moon')">
				<layer p="0">
					<tile sheet="sky.png" x="0" y="0" offsetY="17"/>
					<tile sheet="sky.png" x="0" y="0" offsetY="-45" />
					<rect color="1F2A1F" x="0" y="80" width="256" height="64" />
				</layer>
				<layer p="0" storm="false">
					<tile id="sun" animation="sun" fps="5" rise="5" set="20" dir="left" pathHeight="96" pathTop="-16" sun="true" />
				</layer>
			</section>
			<section if="getFlag('blood_moon')">
				<layer p="0" day="false">
					<tile sheet="blood_sky.png" x="0" y="0" offsetY="17" />
					<tile sheet="blood_sky.png" x="0" y="0" offsetY="-45" />
					<rect color="5C0000" x="0" y="80" width="256" height="64" />
				</layer>
				<layer p="0" glow="moon">
					<tile id="blood_moon" rise="19" set="6" dir="left" pathHeight="96" pathTop="-16" />
				</layer>
			</section>
			<layer type="back" /><run procedure="start.water" /><stop />
		</procedure>
	<parallax id="thirallan_zargoroth" mapBG="1F2A1F" mapBGHeight="30" waterLevel="0">
		<layer p="0" day="true">
			<tile sheet="{core}/start/parallax/bg.png" x="0" y="0" />
			<rect color="438a9e" x="0" y="80" width="256" height="64" />
		</layer>
		<run procedure="zargoroth.bg" />
		<layer p="0.75" py="1">
      <tile sheet="{core}/science1/parallax/town.png" x="0" y="0" offsetX="624" loop="false" />
      <tile sheet="{core}/science1/parallax/town.png" x="0" y="1" offsetX="864" loop="false" />
		</layer>
		<layer type="back" /><run procedure="start.water" />
	</parallax>
	<parallax id="thirallan_colosseum" mapBG="1F2A1F" mapBGHeight="30" waterLevel="0">
		<layer p="0" day="false">
			<tile sheet="blood_sky.png" x="0" y="0" offsetY="17" />
			<tile sheet="blood_sky.png" x="0" y="0" offsetY="-45" />
			<rect color="5C0000" x="0" y="80" width="256" height="64" />
		</layer>
		<layer p="0" glow="moon">
			<tile id="blood_moon" rise="19" set="6" dir="left" pathHeight="96" pathTop="-16" />
		</layer>
	</parallax>
</parallax>
