<?xml version="1.0" encoding="utf-8" ?>
<parallax>
  <parallax id="beast_forest" mapBG="1F2A1F" mapBGHeight="30" waterLevel="0">
    <layer p="0" name="thirallan_sky">
      <tile id="thirallan_sky" animation="thirallan_sky.sky" offsetY="17" />
      <tile id="thirallan_sky" animation="thirallan_sky.sky" offsetY="-45" />
      <rect color="1F2A1F" x="0" y="80" width="256" height="64" />
    </layer>
    <layer p="0" storm="false" name="thirallan_sun">
      <tile id="thirallan_sun" animation="thirallan_sun.sun" fps="5" rise="5" set="20" dir="left" pathHeight="96" pathTop="-16" sun="true" />
    </layer>
    <layer p="0" storm="false" name="thirallan_moon" glow="moon">
      <tile id="thirallan_moon" animation="thirallan_moon.none" rise="22" set="6" dir="left" pathHeight="96" pathTop="-16" />
    </layer>
    <layer p="0.25" py="0.75">
      <tile sheet="{core}/start/parallax/tiles256.png" x="4" dy="32" loop="true" />
    </layer>
  </parallax>
</parallax>
