<?xml version="1.0" encoding="utf-8" ?>
<structures>
  <structure id="thirallan_map" image="{mod:thirallan:_alchemist_edition}/thirallan/scenes/thirallan_map.png" width="128" height="128" behind="true" remove="false" allowSpawn="true" />

  <structure id="thirallan_map_entrance" layer="npc" name="enter" width="16" height="16" type="door">
    <operate>
      <menu section="common">
        <dialogue eval="'map.travel_confirm{Area:'+_Thirallan_Format(this.area_id)+'}'" />
        <choice id="yes" />
        <choice id="no"><stop/></choice>
      </menu>
    </operate>
  </structure>

  <tilesheet id="undead_shrine.png" width="32" height="32" />
  <tile id="undead_shrine" sheet="undead_shrine.png" x="0" y="0" />
  <tile id="undead_shrine_destroyed" sheet="undead_shrine.png" x="1" y="4" />
  <animation id="undead_shrine.awaken" x="0" count="21" />
  <structure id="undead_shrine" tile="undead_shrine" animation="undead_shrine" name="undead_shrine">
    <operate>
      <choose>
        <section if="player.questComplete('find_jacominus')">
          <wait seconds="0.5" />
          <section if="area.id == 'haven_ruins'">
					  <action>
              for(o in area.getStructuresById('boss_gate_open')){
                getStructure("boss_gate").build(null, area, o.tile_x*Tile.SIZE, o.tile_y*Tile.SIZE);
                area.removeStructure(o);
              }
            </action>
				  </section>
          <play object="this" animation="awaken" modal="true" />
          <choose>
            <section if="area.id == 'thirallan_maze'"><object id="fallen_angel_noBGM" x="this.tile_x" y="this.tile_y" /></section>
            <object id="fallen_angel" x="this.tile_x" y="this.tile_y" />
          </choose>
          <structure id="undead_shrine_destroyed" x="this.tile_x" y="this.tile_y" />
        </section>
        <dialogue text="You feel a chill down your spine making eye contact with the statue, chilling air emenates from the strange statue, but nothing more is noticed." />
      </choose>
    </operate>
  </structure>
  <structure id="undead_shrine_destroyed" tile="undead_shrine_destroyed">
    <tooltip section="actions" id="artifact" if="player.hasQuest('lost_artifact')" />
    <operate>
      <section if="player.hasQuest('lost_artifact')">
        <item id="lost_artifact" />
        <remove structure="this" />
        <structure id="undead_shrine_useless" x="this.tile_x" y="this.tile_y" />
      </section>
    </operate>
  </structure>
  <structure id="undead_shrine_useless" tile="undead_shrine_destroyed" />

  <object id="magic_orb_cutscene" tile="magic_orb" layer="top" fps="10" save="false" />
  <tilesheet id="umazz_cutscene.png" width="32" height="20" />
  <tile id="umazz_cutscene" sheet="umazz_cutscene.png" x="0" y="0" />
  <animation id="umazz_cutscene.revealed" x="0" count="9" />
  <animation id="umazz_cutscene.portal" x="10" count="14" />
  <object id="umazz_cutscene" tile="umazz_cutscene" />
  <object id="central_point" width="16" height="16" />

  <npc id="peredurShrine" tile="mage" animation="mage" talk_sfx="talking2" night="true" />

  <structure id="undead_shrine.thirallan_rotting_forest" tile="undead_shrine" animation="undead_shrine" name="undead_shrine">
    <operate>
      <section>
        <section with="fade">
          <move object="player" x="this.tile_x+1" y="-1" />
          <object id="peredurShrine" x="this.tile_x+3" y="-1" facing="left" />
          <object id="central_point" x="this.tile_x+7" y="-1" />
          <object id="umazz_cutscene" x="this.tile_x+11" y="-1" />
          <action>player.equipment.unequip("familiar",player,true);</action>
        </section>
        <set id="peredur" value="area.getObject('peredurShrine')" />
        <dialogue section="peredur" id="rotting_forestShrine1" speaker="peredur" />
        <dialogue section="peredur" id="rotting_forestShrine2" speaker="peredur" />
        <action>area.getObject('peredurShrine').renderer.set_scaleX(-area.getObject('peredurShrine').renderer.get_scaleX());</action>
        <pan toObject="area.getObject('central_point')" seconds="0.5" modal="true" />
        <play object="peredur" animation="peredurShrine.attack" modal="true" />
        <object id="magic_orb_cutscene" x="peredur.tile_x+1" y="1" />
        <lerp object='magic_orb_cutscene' deltaX="6" seconds="0.25" />
        <wait seconds="0.2">
          <operate object="area.getObject('magic_orb_cutscene')" />
        </wait>
        <play object="area.getObject('magic_orb_cutscene')" animation="magic_orb.impact" modal="true" />
        <remove object="area.getObject('magic_orb_cutscene')" />
        <play object="area.getObject('umazz_cutscene')" animation="umazz_cutscene.revealed" modal="true" />
        <dialogue section="peredur" id="rotting_forestShrine3" speaker="peredur" />
        <play object="area.getObject('umazz_cutscene')" animation="umazz_cutscene.portal" modal="true" />
        <remove object="area.getObject('umazz_cutscene')" />
        <wait seconds="0.5">
          <operate object="area.getObject('umazz_cutscene')" />
        </wait>
        <pan toObject="peredur" seconds="0.5" modal="true" />
        <dialogue section="peredur" id="rotting_forestShrine4" speaker="peredur" />
        <remove object="area.getObject('peredurShrine')" />
        <wait seconds="0.5">
          <operate object="area.getObject('peredurShrine')" />
        </wait>
        <action>player.equipment.equip(getItem('peredur').asItem(),player,true);</action>
        <pan toObject="player" seconds="0.25" modal="true" />
        <wait seconds="0.5" />
        <play object="this" animation="awaken" modal="true" />
        <object id="fallen_angel" x="this.tile_x" y="this.tile_y" />
        <structure id="undead_shrine_destroyed" x="this.tile_x" y="this.tile_y" />
      </section>
    </operate>
  </structure>

  <structure id="undead_shrine.undying_peninsula" tile="undead_shrine" animation="undead_shrine" name="undead_shrine">
    <operate>
      <section if="!getFlag('domenic_encounter')">
        <object id="domenic_object" x="10" y="-1" facing="right" />
        <objects id="bandit_heavy" fromX="6" toX="10" count="2" y="-1" facing="right" />
        <objects id="bandit_combo" fromX="6" toX="10" count="2" y="-1" facing="right" />
        <music id="bandit_territory" seconds="1" />
        <dialogue section="domenic" id="undying_peninsula1" speaker="area.getObject('domenic_object')" />
        <pan toObject="area.getObject('domenic_object')" seconds="1" />
        <wait seconds="1" />
        <dialogue section="domenic" id="undying_peninsula2" speaker="area.getObject('domenic_object')" />
        <dialogue section="domenic" id="undying_peninsula3" speaker="area.getObject('domenic_object')" />
        <remove object="area.getObject('domenic_object')" />
        <object id="domenic_prePurifier" x="10" y="-1" facing="right" />
        <action>setFlag('domenic_encounter',true);</action>
        <music id="bandit_ambush" seconds="1" />
      </section>
      <section if="getFlag('domenic_encounter') && area.getObject('domenic_prePurifier') == null">
        <wait seconds="0.5" />
        <play object="this" animation="awaken" modal="true" />
        <object id="fallen_angel" x="this.tile_x" y="this.tile_y" />
        <structure id="undead_shrine_destroyed" x="this.tile_x" y="this.tile_y" />
      </section>
    </operate>
  </structure>

  <structure id="undead_shrine.placeholder" tile="undead_shrine" animation="undead_shrine" name="undead_shrine">
    <operate>
      <section>
        <dialogue text="Unfortunately, I do not have the sprites for this special encounter, so I'll let you off easy, fight the angel and be done with it. Sorry." />
        <wait seconds="0.5" />
        <play object="this" animation="awaken" modal="true" />
        <object id="fallen_angel" x="this.tile_x" y="this.tile_y" />
        <structure id="undead_shrine_destroyed" x="this.tile_x" y="this.tile_y" />
      </section>
    </operate>
  </structure>
  <structure id="undead_shrine.gold_diggers_haven" tile="undead_shrine" animation="undead_shrine" name="undead_shrine">
    <operate>
      <section>
        <object id="tomkin.ghost" x="this.tile_x+2" y="-1" facing="left" />
        <action>area.getObject('tomkin.ghost').alpha = 0;</action>
        <lerp object="area.getObject('tomkin.ghost')" alpha="1" seconds="2" />
        <wait seconds="2">
          <operate object="area.getObject('tomkin.ghost')" />
        </wait>
        <dialogue section="tomkin" id="ghost1" />
        <dialogue section="tomkin" id="ghost2" />
        <dialogue section="tomkin" id="ghost3" />
        <lerp object="area.getObject('tomkin.ghost')" alpha="0" seconds="2" />
        <wait seconds="2">
          <operate object="area.getObject('tomkin.ghost')" />
        </wait>
        <remove object="area.getObject('tomkin.ghost')" />
        <wait seconds="0.5" />
        <play object="this" animation="awaken" modal="true" />
        <object id="fallen_angel" x="this.tile_x" y="this.tile_y" />
        <structure id="undead_shrine_destroyed" x="this.tile_x" y="this.tile_y" />
      </section>
    </operate>
  </structure>

  <structure id="thirallan_zargoroth.mines" width="32" height="32" image="{core}/structures/cave.png" name="enter" animation="door">
    <operate>
      <choose>
        <dialogue section="common" id="thirallan_mines_no" speaker='player' if="!player.hasQuest('find_jacominus')" />
        <dialogue section="common" id="hut_stuff" speaker='player' if="!getFlag('TAE_second')" />
        <teleport area="thirallan_zargoroth.mines" x="5" y="5" with="ellipse" />
      </choose>
    </operate>
  </structure>
  <structure id="thirallan_zargoroth.mines.ret" width="32" height="32" image="{core}/structures/cave.png" name="enter" animation="door">
    <operate>
      <teleport area="thirallan_zargoroth" x="90" y="-1" with="ellipse" />
    </operate>
  </structure>
  <structure id="haven_mines_ruins_entrance" width="32" height="32" image="{core}/structures/cave.png" name="enter" animation="door">
    <operate>
      <teleport area="haven_ruins" x="2" y="14" allowReturn="true" with="ellipse" />
    </operate>
  </structure>
  <structure id="haven_mines_ruins_entrance.ret" width="32" height="32" image="{core}/structures/cave.png" name="enter" animation="door">
    <operate>
      <return with="ellipse" />
    </operate>
  </structure>
  <structure id="hut" extends="hut">
    <operate>
      <section if="getFlag('blood_moon')">
        <dialogue section="player" id="cant_sleep" speaker='player' />
        <stop/>
      </section>
      <section if="!getFlag('TAE_first') && area.id == 'thirallan_zargoroth'">
        <scene id="thirallan_alchemist" show="zargoroth_second" with="fade" />
      </section>
      <section if="player.hasQuest('undead_rumors') && !getFlag('TAE_second') && area.id == 'thirallan_zargoroth'">
        <scene id="thirallan_alchemist" show="zargoroth_third" with="fade" />
      </section>
    </operate>
  </structure>
  <structure id="guild_door" width="32" height="32" image="guild_door.png" name="enter">
    <operate>
      <choose>
        <section if="area.id == 'guild_HQ'">
          <teleport area="thirallan_mountains" x="10" y="11" with="ellipse" />
        </section>
        <section if="!getFlag('welcome_home')">
          <dialogue section="guild" id="door1" />
          <window type="input" message="guild.door2">
            <choose>
              <section if="result.toLowerCase() == 'purgat omne mundatorem'">
                <dialogue section="guild" id="door3" />
                <action>setFlag('welcome_home',true);</action>
                <teleport area="guild_HQ" x="3" y="6" with="ellipse" />
              </section>
              <dialogue section="guild" id="door4" />
            </choose>
          </window>
        </section>
        <teleport area="guild_HQ" x="3" y="6" with="ellipse" />
      </choose>
    </operate>
  </structure>
  <structure id="guild_door.exit" width="32" height="32" image="guild_door.png" name="enter" />
  <structure id="guild_library" tile="spirit_door" animation="spirit_door" type="crafting">
    <recipe type="guild_magic" />
  </structure>

  <structure id="monastery_cathedral" image="monastery_cathedral.png" width="256" height="512" name="enter">
    <operate>
      <teleport area="thirallan_cathedral" x="10" y="-1" with="ellipse" />
    </operate>
  </structure>
  <structure id="monastery_entrance" image="monastery_wall.png" width="512" height="512" name="enter">
    <operate>
      <teleport area="thirallan_monastery" x="66" y="-1" with="ellipse" />
    </operate>
  </structure>
  <structure id="monastery_exit" image="monastery_exit.png" width="128" height="90" name="enter">
    <operate>
      <teleport area="thirallan_rotting_forest" x="74" y="-1" with="ellipse" />
    </operate>
  </structure>

  <tilesheet id="cathedral_wall_parallax.png" width="144" height="160" />
  <tile id="wall_parallax" sheet="cathedral_wall_parallax.png" x="0" />

  <object id="wall_parallax" tile="wall_parallax" layer="back" />

  <tilesheet id="blood_tree.png" width="100" height="75" />
  <tile id="blood_tree" sheet="blood_tree.png" x="0" y="0" />
  <animation id="blood_tree.hit" x="0" count="8" />
  <animation id="blood_tree.grow" x="8" count="4" />
  <tree id="blood_tree" health="5" loot="wood" min="3" max="5" collect="2" grown="3" speed="0.002" tile="blood_tree" generateO2="0.125">
		<loot id="tree_seed" p="4" />
		<loot id="eggs" p="1" />
		<loot id="fruit" p="16" />
	</tree>
	<structure id="monastery_weaps_market" tile="weaps_market" type="market" animation="market" restock="5000" show_offers="!isNight()" nightAnimation="market.night">
		<item id="mega_backpack" min="1" max="1" />
		<item id="ultra_backpack" min="1" max="1" />
		<item id="net" min="5" max="10" />
		<item id="torch" min="5" max="10" />
		<item id="trap" min="5" max="10" />
		<item id="arrow" min="20" max="40" />
		<item id="fence" min="5" max="10" />
		<select count="6">
			<item id="bow" min="1" max="1" />
			<item id="malumite_pickaxe" min="1" max="1" />
			<item id="malumite_sword" min="1" max="1" />
			<item id="steel_axe" min="1" max="1" />
			<item id="steel_hammer" min="1" max="1"/>
			<item id="malumite_armor" min="1" max="1" />
			<item id="malumite_shield" min="1" max="1" />
		</select>
		<buy type="equipment" /><buy type="tool" /><buy type="object" />
		<over><action>this.loopAnimation("talk")</action></over>
		<out><action>this.loopAnimation("idle")</action></out>
		<operate><run procedure="market" /></operate>
	</structure>
	<structure id="monastery_mineral_market" tile="mineral_market" type="market" animation="market" restock="5000" show_offers="!isNight()" nightAnimation="market.night">
		<item id="wood" min="10" max="30" />
		<item id="coal" min="10" max="20" />
		<item id="malumite_ore" min="5" max="20" />
		<item id="cloth" min="10" max="20" />
		<select count="3">
			<item id="quartz" min="5" max="5" />
			<item id="gold" min="5" max="5" />
			<item id="diamond" min="5" max="5" />
			<item id="iron_bar" min="5" max="5" />
			<item id="steel_bar" min="5" max="5" />
		</select>
		<buy type="resource" />
		<over><action>this.loopAnimation("talk")</action></over>
		<out><action>this.loopAnimation("idle")</action></out>
		<operate><run procedure="market" /></operate>
	</structure>
	<compound id="monastery_market">
		<structure id="monastery_mineral_market" x="0" />
		<structure id="monastery_weaps_market" x="3" />
	</compound>

  <object id="monastery.mines_entrance_decoy" width="16" height="16" />
  <object id="monastery.mines_exit_decoy" width="16" height="16" />

  <structure id="monastery.mines_entrance" width="32" height="32" image="{core}/structures/cave.png" name="enter">
    <addedToArea>
      <object id="monastery.mines_entrance_decoy" x="this.tile_x+0.5" y="this.tile_y" />
    </addedToArea>
    <operate>
      <section>
        <lerp object="player" alpha="0" seconds="0.25" />
        <wait seconds="1" />
        <pan toObject="area.getObject('monastery.mines_exit_decoy')" seconds="1" />
        <wait seconds="0.5" />
        <move object="player" x="106.5" y="2" />
        <lerp object="player" alpha="1" seconds="0.25" />
      </section>
    </operate>
  </structure>
  <structure id="monastery.mines_exit" width="32" height="32" image="{core}/structures/cave.png" name="enter">
    <addedToArea>
      <object id="monastery.mines_exit_decoy" x="this.tile_x+0.5" y="this.tile_y" />
    </addedToArea>
    <operate>
      <section>
        <lerp object="player" alpha="0" seconds="0.25" />
        <wait seconds="1" />
        <pan toObject="area.getObject('monastery.mines_entrance_decoy')" seconds="1" />
        <wait seconds="0.5" />
        <move object="player" x="106.5" y="-1" />
        <lerp object="player" alpha="1" seconds="0.25" />
      </section>
    </operate>
  </structure>

  <tilesheet id="mess_of_souls_summon.png" width="32" height="128" />
  <tile id="MOS_summon" sheet="mess_of_souls_summon.png" x="0" y="0" />
  <animation id="MOS_summon.summon" length="2" x="0" count="43" />

  <object id="MOS_summon" tile="MOS_summon"><light tile="light.large" color="ffff00" offsetY="-32" /></object>

  <object id="MOS_hotspot" width="96">
    <over>
      <section>
        <remove object="this" />
        <object id="MOS_summon" x="68" y="-1" />
        <pan toObject="area.getObject('MOS_summon')" seconds="1" />
        <play object="area.getObject('MOS_summon')" animation="MOS_summon.summon" modal="true" />
        <wait seconds="1">
          <operate object="area.getObject('MOS_summon')" />
        </wait>
        <remove object="area.getObject('MOS_summon')" />
        <object id="mess_of_souls" x="68" y="-1" />
      </section>
    </over>
  </object>

  <animation id="cathedral_sanctuary.idle" x="0" count="5" length="1.5" />
  <animation id="cathedral_sanctuary.night.idle" x="5" count="5" length="1.5" />

  <structure id="cathedral_sanctuary" width="88" height="64" image="cathedral_sanctuary.png" sleep="true" nightAnimation="cathedral_sanctuary.night" name="rest">
    <operate>
      <section if="isNight()">
        <save sleep="true" />
      </section>
      <section if="!isNight()">
        <dialogue section="azriel" id="no_service" speaker='player' />
      </section>
    </operate>
  </structure>

  <structure id="cathedral_exit" width="48" height="40" image="cathedral_exit.png" name="enter">
    <operate><teleport area="thirallan_monastery" x="87" y="-1" with="ellipse" /></operate>
  </structure>

  <structure id="encampment_door" width="128" height="128" image="encampment.png" name="enter">
    <operate>
      <!--choose>
        <section if="area.id == 'thirallan_fang_plains'">
          <teleport area="encampment.fangs" x="15" y="-1" with="ellipse" allowReturn="true" />
        </section>
        <section if="area.id == 'thirallan_beast_forest'">
          <teleport area="encampment.beasts" x="15" y="-1" with="ellipse" allowReturn="true" />
        </section>
        <section if="area.id == 'thirallan_phoenix_plateau'">
          <teleport area="encampment.phoenixes" x="15" y="-1" with="ellipse" allowReturn="true" />
        </section>
        <return with="ellipse" />
      </choose-->
      <dialogue text="It would be suicide to try and go against the bandits now..." />
    </operate>
  </structure>

  <tilesheet id="maze_door.png" width="32" height="32" />
  <tilesheet id="purifier_maze_end.png" width="32" height="32" />
  <tile id="purifier_maze_end" sheet="purifier_maze_end.png" x="0" y="0" />
  <animation id="purifier_maze_end.idle" count="1" x="0" />
  <animation id="purifier_maze_end.purifier" count="15" x="0" />
  <animation id="purifier_maze_end.done" count="15" x="0" reverse="true" />
  <tile id="maze_door" sheet="maze_door.png" x="0" y="0" />
  <animation id="maze_door.opening" count="5" />
  <animation id="maze_door.closing" count="5" reverse="true" />
  <structure id="maze_linked_door" tile="maze_door" name="enter" type="door" behind="true">
    <over><sound id="ship_door" structure="this" /></over>
  </structure>
  <structure id="maze_exit" tile="purifier_maze_end" name="enter">
    <operate>
      <choose>
        <section if="area.getStructureById('maze_key_fragment') != null">
          <dialogue text="You feel the presence of additional Fallen Angels. You feel them glaring despite not being near them, you step away from the door, shook." />
          <stop/>
        </section>
        <section>
          <save/>
          <dialogue text="You've made it this far brave adventurer..." />
          <play object="this" animation="purifier_maze_end.purifier" modal="true" />
          <dialogue text="But are you ready to face your worst nightmare?" />
          <menu type="common">
            <choice id="Yes">
              <lerp object="player" alpha="0" seconds="0.25" />
              <play object="this" animation="purifier_maze_end.done" modal="true" />
              <wait seconds="0.5" />
              <teleport area="purifier_void" x="15" y="-1" with="fade" />
            </choice>
            <choice id="No">
              <play object="this" animation="purifier_maze_end.idle" loop="true" />
              <stop/>
            </choice>
          </menu>
        </section>
      </choose>
    </operate>
  </structure>
  <animation id="purifiers_teaser_door.idle" equals="item6" />
  <structure id="purifiers_teaser_door" tile="alchemist.portal" fps="5" fullOverlap="true" fullHeight="true" name="portal" type="door">
    <operate><section if="this.area.id == 'purifiers_teaser'"><return with="ellipse" /><stop/></section></operate>
  </structure>

  <structure id="maze_key_fragment" extends="undead_shrine" />

  <animation id="maze_portal.idle" x="0" count="13" />
  <structure id="maze_portal" image="maze_portal.png" width="32" height="32" type="door" name="enter" />



  <tile id="wall_torch" sheet="haven_mines/wall_torch.png" />
  <animation id="wall_torch" x="0" count="5" />
  <object id="wall_torch" tile="wall_torch" animation="wall_torch">
    <light tile="light.large" color="fae1b5" flicker="true" />
  </object>

  <tile id="blue_wall_torch" sheet="haven_mines/blue_wall_torch.png" />
  <object id="blue_wall_torch" tile="blue_wall_torch" animation="wall_torch">
    <light tile="light.large" color="b5bffa" flicker="true" />
    <removedFromArea>
      <object id="dead_wall_torch" x="this.tile_x" y="this.tile_y" />
    </removedFromArea>
  </object>
  
  <tile id="dead_wall_torch" sheet="haven_mines/blue_wall_torch.png" x="1" y="2" />
  <object id="dead_wall_torch" tile="dead_wall_torch">
    <removedFromArea>
      <object id="blue_wall_torch" x="this.tile_x" y="this.tile_y" />
    </removedFromArea>
  </object>

  <tilesheet id="haven_mines/falling_stones.png" width="48" height="48" />
  <tile id="falling_stones" sheet="haven_mines/falling_stones.png" />
  <animation id="falling_stones" x="0" count="8" />
  <object id="falling_stones" tile="falling_stones" animation="falling_stones" />

  <tile id="peredur_desk" sheet="haven_mines/peredur_desk.png" />
  <object id="peredur_desk" tile="peredur_desk" name="read">
    <tooltip section="structure.tooltip" id="read" />
    <operate>
      <dialogue text="Placeholder: Peredur's Journal" />
    </operate>
  </object>


  <animal id="undead" tile="undead" />
  <tilesheet id="haven_mines/undead_cage.png" width="20" height="26" />
  <tile id="undead_cage" sheet="haven_mines/undead_cage.png" x="0" y="0" />
  <structure id="undead_cage" tile="undead_cage" animals="1" type="pen">
		<sprite>
			<animal i="0" offsetX="7" offsetY="21" />
			<tile x="0" y="0" />
		</sprite>
		<animal id="undead" />
	</structure>

  <tilesheet id="haven_mines/boss_gate.png" width="16" height="48" />
  <tile id="boss_gate_open" sheet="haven_mines/boss_gate.png" x="0" y="0" />
  <animation id="boss_gate_open.close" x="0" count="6" />
  <tile id="boss_gate" sheet="haven_mines/boss_gate.png" x="1" y="1" />
  <structure id="boss_gate_open" tile="boss_gate_open">
    <removedFromArea>
      <play object="this" animation="close" />
      <structure id="boss_gate" x="this.tile_x" y="this.tile_y" />
    </removedFromArea>
  </structure>

  <structure id="boss_gate" tile="boss_gate">
    <addedToArea>
      <action>
        for(y in this.tile_y-2...this.tile_y+1) setTile(this.tile_x, y, "empty");
      </action>
    </addedToArea>
    <removedFromArea>
      <action>
        for(y in this.tile_y-2...this.tile_y+1) setTile(this.tile_x, y, null);
      </action>
      <structure id="boss_gate_open" x="this.tile_x" y="this.tile_y" />
    </removedFromArea>
  </structure>

</structures>
