<?xml version="1.0" encoding="utf-8" ?>
<structures>
  <structure id="test_spawner_killer" image="alien_debris1.png" width="32" height="32" name="operate" animation="item4">
    <addedToArea>
      spawnerArray = this.area.spawner.spawners;
      for(i in this.area.spawner.spawners){
        i.time = 0;
      }
    </addedToArea>
    <operate>
      <choose>
        <section if="this.area.spawner.spawners[0].time != 0">
          <action>
            spawnerArray = [];
            for (spawner in area.spawner.spawners){
              spawnerArray.push(spawner.time);
              spawner.time = 0;
            }
          </action>
          <dialogue text="Spawners Disabled." />
        </section>
        <section>
          <action>
            for (i in 0...spawnerArray.length){
              area.spawner.spawners[i].time = spawnerArray[i];
            }
            spawnerArray = null;
          </action>
          <dialogue text="Spawners Reenabled." />
        </section>
      </choose>
    </operate>
    <removedFromArea>
      <section if="this.area.spawner.spawners[0].time == 0">
        <action>
          for (i in 0...spawnerArray.length){
            area.spawner.spawners[i].time = spawnerArray[i];
          }
          spawnerArray = null;
        </action>
      </section>
    </removedFromArea>
  </structure>

  <item id="spawner_killer_blueprint" type="blueprint" cost="20000" weight="0" icon="blueprint.ico">
		<action id="build" structure="test_spawner_killer" underground="true">
      <item id="titanium" count="2" />
		</action>
	</item>

  <animation id="uncorrupt_structure.idle" x="0" count="4" />
  <structure id="uncorrupt_structure" image="alien_debris1.png" width="32" height="32" type="crafting" name="enter">
    <listItem icon="alien_heart.ico" title="actions.purify" fail="'warning.ingredients'">
      <tooltip type="requires" requires="quests.requires">
        <requirement icon="wood.ico" title="item.names.wood" count="player.getItemCountStorehouse('wood')" of="5" />
      </tooltip>
      <window type="items" title="common.hotkey" filter="function(i){return i.id == 'corrupted_item';}">
        <item id="wood" count="-5" storehouse="true" />
        <action>var valueInfo = getItem(Item.getParameter(name, "p")); player.addItems(valueInfo,1,valueInfo.getDurability(),null); player.addItems(item, -1, value, name);</action>
      </window>
    </listItem>
  </structure>
</structures>
