<?xml version="1.0" encoding="utf-8" ?>
<areas>

  <!-- All Primary Areas -->
  <include id="zargoroth_haven/zargoroth_haven.xml" />
  <include id="undying_peninsula/undying_peninsula.xml" />
  <include id="thirallan_mountains/thirallan_mountains.xml" />
  <include id="thirallan_desert/thirallan_desert.xml" />
  <include id="rotting_forest/rotting_forest.xml" />
  <include id="holy_hills/holy_hills.xml" />
  <include id="gold_excavation/gold_excavation.xml" />
  <include id="gold_diggers_haven/gold_diggers_haven.xml" />
  <include id="fang_plains/fang_plains.xml" />
  <include id="beast_forest/beast_forest.xml" />

  <!-- Misc. Area -->
  <area id="purifier_get_fucked" width="75" height="1" planet="thirallan">
    <tiles id="blackstone" y="0" />
    <object id="purifier_get_fucked" x="15" y="-3" />
    <init><runAreaLoad/></init>
    <onLoad><music id="purified_encounter" seconds="1" /><dialogue section="common" id="early_escape" if="getFlag('purifier_get_fucked')" /></onLoad>
  </area>


  <!-- Planet & System -->

  <animation id="planet.thirallan">
    <append tile="planet7" animation="single" color="009F60" colorScale="2" />
    <append tile="planet7.land1" animation="single" color="0b461f" colorScale="2" />
    <append tile="planet7.clouds" animation="single" color="1F2A1F" />
    <append tile="planet7.shadow" animation="single" color="1F2A1F" /><frame visible="false" />
  </animation>

  <tile id="thirallan.atmosphere" sheet="{mod:full_version}/space/atmos.png" x="0" y="0" />
  <tile id="thirallan.clouds" sheet="{mod:full_version}/space/ground.png" x="0" />
  <tile id="thirallan.ground" sheet="{mod:full_version}/space/ground.png" x="1" />
  <animation id="thirallan.atmosphere" x="0" count="1" color="009F60" />
  <animation id="thirallan.clouds" x="0" count="1" color="1F2A1F" />
  <animation id="thirallan.ground" x="0" count="1" color="0b461f" />

  <planet id="thirallan_alchemist" height="80">
		<orbit id="thirallan_alchemist.orbit" width="512" height="64" background="thirallan.stars" distress="!player.questComplete('locate_purifier')">
      <area id="thirallan_zargoroth" x="0" />
			<init><runAreaLoad /></init>
			<onLoad><music id="orbit" seconds="1" /><radar tile="orbit.radar" animation="orbit.radar" padding="2" /></onLoad>
		</orbit>
	</planet>

  <parallax id="thirallan.stars" mapBG="0" skyColor="0">
    <layer p="0" glow="true" max_depth="10000"><tile sheet="{mod:full_version}/space/night_bg.png" x="0" y="0" /></layer>
    <layer p="0" glow="true" max_depth="10000">
      <tile id="sun" animation="sun" fps="5" rise="5" set="20" dir="left" pathHeight="96" pathTop="-16" sun="true" />
    </layer>
    <layer p="0" py="0.0125" max_depth="10000"><tile id="thirallan.atmosphere" animation="thirallan.atmosphere" offsetY="100" /></layer>
    <layer p="0" py="0.0125" id="thirallan.ground" scroll="0.0078125" max_depth="10000"><tile id="thirallan.ground" animation="thirallan.ground" offsetY="22" /></layer>
    <layer p="0" py="0.0125" id="thirallan.clouds" scroll="0.03125" max_depth="10000"><tile id="thirallan.clouds" animation="thirallan.clouds" offsetY="22" /></layer>
    <layer type="back" />
  </parallax>
</areas>
