<?xml version="1.0" encoding="utf-8" ?>
<enemies>
	<tile id="undead" sheet="undead.png" x="0" y="0" />
	<tile id="undead_leader" sheet="undead_leader.png" x="0" y="0" />
	<tile id="jacominus" sheet="jacominus.png" x="0" y="0" />
	<animation id="undead_leader.idle" x="0" count="2" />
	<animation id="undead_leader.walk" x="2" count="3" />
	<animation id="undead_leader.pre_attack" x="6" count="2" />
	<animation id="undead_leader.attack" x="9" count="4" />
	<animation id="undead.idle" x="0" count="4" />
	<animation id="undead.walk" x="4" count="4" />
	<animation id="undead.pre_attack" x="8" count="4" />
	<animation id="undead.attack" x="12" count="2" />

	<enemy id="undead" tile="undead" health="7" speed="1" range="7" trapped="undead" capture="4" underground="true" type="surface" fps="10" vertical="true">
		<loot id="undead_flesh" p="0" />
		<attack type="melee" damage="5" animation="attack">
			<pre><play object="this" animation="pre_attack" /></pre>
		</attack>
		<onDeath><run procedure="corrupted.death" /></onDeath>
	</enemy>

	<enemy id="undead_shrineDefender" extends="undead" />

	<enemy id="undead_leader" tile="undead_leader" defense="1" speed="2" range="7" health="20" type="surface" fps="10">
		<attack type="melee" damage="7">
			<pre><play object="this" animation="pre_attack" /></pre>
		</attack>
	</enemy>
	<enemy id="jacominus" tile="jacominus" defense="1" speed="3" range="20" health="30" type="surface" underground="true" vertical="true" fps="10" animation="undead_leader">
		<attack type="melee" damage="7">
			<pre><play object="this" animation="pre_attack" /></pre>
		</attack>
		<onDeath><run procedure="corrupted.death" /></onDeath>
	</enemy>

	<tilesheet id="fallen_angel.png" width="32" height="32" />
	<tile id="fallen_angel" sheet="fallen_angel.png" x="0" y="0" />
	<animation id="fallen_angel.idle" x="0" count="7" />
	<animation id="fallen_angel.walk" equals="fallen_angel.idle" />
	<animation id="fallen_angel.charge_pre" x="7" count="7" />
	<animation id="fallen_angel.charge" x="14" count="7" />
	<animation id="fallen_angel.combo_pre" x="21" count="2" />
	<animation id="fallen_angel.combo1" x="23" count="4" />
	<animation id="fallen_angel.combo2" x="27" count="4" />
	<animation id="fallen_angel.combo3" x="31" count="4" />
	<animation id="fallen_angel.omni" x="32" count="3" />

	<enemy id="fallen_angel" tile="fallen_angel" health="50" defense="2" speed="1.5" range="10" type="surface" underground="true" vertical="true" fps="12" ignoreHit="true" bgm="purification1">
		<inRange range="10">
			<attack type="melee" cooldown="100">
				<pre>
					<section>
						<play object='this' animation="charge_pre" modal="false" />
						<play object='this' animation="charge" modal="false" loop="true" />
						<set id="oldX" value="this.tile_x" />
						<set id="oldY" value="this.tile_y" />
						<set id="facing" value="this.getFacing()" />
			 			<lerp object="this" deltaX="facing*(-160)/Tile.SIZE" seconds="0.25" modal="false" />
						<damage object="player" attacker="this" damage="20" />
						<move object="this" x="oldX+(facing*(-160)/Tile.SIZE)" y="oldY" />
					</section>
				</pre>
			</attack>
		</inRange>
		<attack type="melee" damage="9" animation="combo1" hits="3">
			<pre><play object='this' animation="combo_pre" /></pre>
			<cont animation="combo2" damage="9" />
			<cont animation="combo3" damage="15" />
			<post><attack type="omni" damage="10" range="1" knockback="20" animation="omni" /></post>
		</attack>
		<onDeath><run procedure="corrupted.death" /></onDeath>
	</enemy>

	<tilesheet id="soul_blast.png" width="8" height="8" />
	<tile id="soul_blast" sheet="soul_blast.png" x="0" y="0" />
	<animation id="soul_blast" x="0" count="4" />
	<tilesheet id="mess_of_souls.png" width="40" height="32" />
	<tile id="mess_of_souls" sheet="mess_of_souls.png" x="0" y="0" />
	<animation id="mess_of_souls.idle" x="0" count="1" />
	<animation id="mess_of_souls.walk" x="4" count="3" />
	<animation id="mess_of_souls.charge_up" x="0" count="4" />
	<animation id="mess_of_souls.calm_down" x="0" count="4" reverse="true" />
	<animation id="mess_of_souls.blast" x="10" count="4" />
	<animation id="mess_of_souls.shield" x="7" count="3" />
	<animation id="mess_of_souls.pre_slash" x="14" count="2" />
	<animation id="mess_of_souls.stab" x="16" count="2" />
	<animation id="mess_of_souls.slash" x="18" count="4" />

			<enemy id="mess_of_souls" tile="mess_of_souls" range="8" health="75" defense="1" type="surface" fps="10" speed="2" >
				<tile id="mess_of_souls" name="shield" animation="hidden" fps="10" y="0" />

        <attack type="projectile" damage="15" range="20" animation="blast" cooldown="300">
          <pre><play object="this" animation="charge_up" /></pre>
          <projectile tile="soul_blast" animation="soul_blast" range="20" speed="2" homing="true">
						<onHit>
							<sound id="item" /><set id="corruptedItem" value="corruptItem(player)" global="true" />
							<section if="corruptedItem != null"><show tooltip="popup" text="warning.item_corrupted{item:[global=corruptedItem]}" x="0.5" y="0.4" /></section>
						</onHit>
					</projectile>
					<post><play object="this" animation="calm_down" /></post>
      	</attack>

				<cooldown seconds="5">
					<action>
						var shield = this.getTileById('shield'); if(shield != null){
						if(this.front_defense == -1) shield.playAnimation('hidden', false);
							else shield.playAnimation(this.info.id+'.shield', true, null, -0.5, -0.5);
							if(this.front_defense == -1){
								this.setVulnerable(100,100);
								shield.playAnimation(this.info.id+'.shield', true, null, -0.5, -0.5);
							} else{
								this.endVulnerable();
								shield.playAnimation('hidden', false);
							}
						}
					</action>
				</cooldown>


				<attack type="melee" damage="5" hits="2" range="0.5" knockback="0" animation="stab">
					<pre><play object="this" animation="pre_slash" /></pre>
					<cont animation="slash" damage="10" knockback="5" />
					<post><play object="this" animation="calm_down" /></post>
				</attack>

    </enemy>

	<include id="get_fucked.xml" />
	<tilesheet id="purifier_get_fucked.png" width="128" height="128" />
	<tile id="purifier_get_fucked" sheet="purifier_get_fucked.png" x="0" y="0" />
	<animation id="purifier_get_fucked.open_eyes" count="11" x="0" length="3" />
	<object id="purifier_get_fucked" tile="purifier_get_fucked" animation="purifier_get_fucked" layer="top" save="false" fps="10" width="64" height="64">
		<light tile="light.large" color="ffff00" />
	</object>

	<tilesheet id="Purifier.prototype.png" width="64" height="64" />
	<tile id="Purifier.prototype" sheet="Purifier.prototype.png" x="0" y="0" />
	<tilesheet id="purifier_orb.png" width="8" height="10" />
	<tile id="purifier_orb" sheet="purifier_orb.png" x="0" y="0" />
	<animation id="purifier_orb" count="4" />
	<animation id="Purifier.prototype.idle" x="0" count="4" length="2" />
	<animation id="Purifier.prototype.walk" x="4" count="5" length="2" />
	<animation id="Purifier.prototype.pre_melee" x="9" count="1" />
	<animation id="Purifier.prototype.melee_attack" x="10" count="4" />
	<animation id="Purifier.prototype.orb_attack" x="14" count="3" />
	<animation id="Purifier.prototype.pre_omni" x="17" count="5" />
	<animation id="Purifier.prototype.omni_attack" x="22" count="1" length="4" />

	<enemy id="Purifier.prototype" tile="Purifier.prototype" health="150" defense="6" speed="0.5" range="10" type="surface" knockback="false" ignoreHit="true" fps="9" bgm="boss" achievement="purifier">
		<attack type="omni" damage="30" range="4" animation="omni_attack" knockback="32" cooldown="600">
			<pre><play object='this' animation="pre_omni" /></pre>
		</attack>
		<attack type="projectile" damage="40" range="12"  animation="orb_attack" cooldown="300" >
			<projectile tile="purifier_orb" offsetY="20" range="25" delay="3" speed="3" />
		</attack>
		<attack type="melee" damage="30" range="1" animation="melee_attack">
			<pre><play object='this' animation="pre_melee" /></pre>
		</attack>
		<onDeath>
			<section if="area.id == 'purifier_arena'">
				<teleport area="science1" x="175" y="-1" with="fade" />
				<section if="!getFlag('mirrows.sacrifice')">
					<dialogue section="mirrows" id="player2" speaker='player' />
					<dialogue section="mirrows" id="player4" speaker='player' />
				</section>
				<section if="getFlag('mirrows.sacrifice')">
					<dialogue section="mirrows" id="player2" speaker='player' />
					<dialogue section="mirrows" id="player3" speaker='player' />
					<complete quest="Thirallan2" />
				</section>
			</section>
		</onDeath>
	</enemy>

	<tilesheet id="unknown.png" width="32" height="32" />
	<tilesheet id="unknown_2nd.png" width="32" height="40" />
	<tilesheet id="unknown_beam.png" width="64" height="16" />
	<tilesheet id="unknown_orb.png" width="9" height="9" />

	<tile id="unknown" sheet="unknown.png" x="0" y="0" />
	<tile id="zargoroth_dummy" sheet="unknown.png" x="2" y="3" />
	<tile id="unknown_transition" sheet="unknown.png" x="3" y="6" />
	<tile id="unknown_shockwave" sheet="unknown_shockwave.png" x="0" y="0" />
	<tile id="unknown_2nd" sheet="unknown_2nd.png" x="0" y="0" />
	<tile id="unknown_death" sheet="unknown_2nd.png" x="5" y="4" />
	<tile id="unknown_beam" sheet="unknown_beam.png" x="0" y="0" />
	<tile id="unknown_orb" sheet="unknown_orb.png" x="0" y="0" />

	<animation id="unknown.idle" x="0" count="4" />
	<animation id="unknown.walk" x="4" count="5" />
	<animation id="unknown.pre_combo" x="9" count="2" />
	<animation id="unknown.attack1" x="11" count="3" />
	<animation id="unknown.attack2" x="14" count="4" />
	<animation id="unknown.attack3" x="18" count="5" />
	<animation id="zargoroth_dummy.pre_transformation" x="0" count="1" offsetY="8" />
	<animation id="zargoroth_dummy.transformation" x="0" count="19" offsetY="8" />
	<animation id="zargoroth_dummy.spawn" x="19" count="3" />
	<animation id="unknown_transition.begin" x="0" count="12" />
	<animation id="unknown_transition.end" x="12" count="19" />
	<animation id="unknown_shockwave" x="0" count="4" />
	<animation id="unknown_2nd.idle" x="0" count="3" />
	<animation id="unknown_2nd.walk" x="3" count="5" />
	<animation id="unknown_2nd.pre_combo" x="8" count="3" />
	<animation id="unknown_2nd.combo1" x="11" count="2" />
	<animation id="unknown_2nd.combo2" x="13" count="2" />
	<animation id="unknown_2nd.oof" x="15" count="4" length="2" />
	<animation id="unknown_2nd.pre_golf" x="19" count="4" />
	<animation id="unknown_2nd.golf" x="23" count="2" />
	<animation id="unknown_2nd.pre_beam" x="25" count="3" />
	<animation id="unknown_2nd.beam" x="28" count="1">
		<append tile="unknown_beam" x="0" offsetX="-0.75" offsetY="1.5" animation="unknown_beam" />
	</animation>
	<animation id="unknown_death.1" x="0" count="9" />
	<animation id="unknown_death.2" x="8" count="11" />
	<animation id="unknown_beam" count="3" />
	<animation id="unknown_orbs" count="3" />

	<object id="zargoroth_dummy" tile="zargoroth_dummy" fps="8" />
	<object id="unknown_transition" tile="unknown_transition" fps="8" />
	<object id="unknown_death" tile="unknown_death" fps="8" />
	<object id="unknown_orb" tile="unknown_orb" animation="unknown_orbs" layer="player" save="false" width="16" height="16" overlapVehicle="true">
		<over>
			<sound id="fireball" />
			<damage object="player" attacker="this" damage="15" directional="false" />
			<remove object="this" />
		</over>
	</object>

	<procedure id="unknown_start">
			<teleport area="purifier_arena" x="25" y="-1" />
			<object id="zargoroth_dummy" x="35" y="-1" />
			<music id="magic2" seconds="1" />
			<pan toObject="zargoroth_dummy" seconds="1" />
			<play object="zargoroth_dummy" animation="zargoroth_dummy.pre_transformation" loop="true" />
			<set id="zargoroth" value="area.getObject('zargoroth_dummy')" />
			<wait seconds="1">
				<operate object="area.getObject('zargoroth_dummy')" />
			</wait>
			<dialogue section="guard_chief" id="battle1" />
			<dialogue section="guard_chief" id="battle2" />
			<wait seconds="1" />
			<dialogue section="guard_chief" id="battle3" />
			<play object="zargoroth_dummy" animation="zargoroth_dummy.transformation" modal="true" />
			<play object="zargoroth_dummy" animation="zargoroth_dummy.spawn" modal="true" />
			<sound id="magic" />
			<music id="" />
			<object id="unknown" x="35" y="-1" facing="left" />
			<wait seconds="3">
				<operate object="area.getObject('zargoroth_dummy')" />
			</wait>
			<remove object="area.getObject('zargoroth_dummy')" />
	</procedure>

	<procedure id="unknown_transition">
		<section with="fade">
			<teleport area="purifier_arena" x="25" y="-1" />
			<object id="unknown_transition" x="35" y="-1" />
			<music id="Cutscene9" seconds="1" />
		</section>
		<pan toObject="unknown_transition" seconds="1" />
		<play object="unknown_transition" animation="unknown_transition.begin" modal="true" />
		<set id="unknown_transition" value="area.getObject('unknown_transition')" />
		<wait seconds="1">
			<operate object="area.getObject('unknown_transition')" />
		</wait>
		<dialogue section="guard_chief" id="battle4" />
		<dialogue section="guard_chief" id="battle5" />
		<play object="unknown_transition" animation="unknown_transition.end" modal="true" />
		<remove object="area.getObject('unknown_transition')" />
		<object id="unknown_2nd" x="35" y="-1" facing="left" />
		<music id="" />
		<wait seconds="1">
			<operate object="area.getObject('unknown_transition')" />
		</wait>
	</procedure>

	<procedure id="unknown_orbs">
		<set id="unknown_orb" value="[]" if="!exists('unknown_orb')" />
		<action>
			function addUnknownOrb(dx, dy){
			var o = getObject("unknown_orb").create(this.xPos+dx, this.yTile+dy);
			area.addObject(o); Movement.circle(o, this, 1.25, 4); unknown_orb.push(o);
			}
			i = 0;
			while(10 > i){
				addUnknownOrb(randInt(-100, 100), randInt(-100, 100));
				i++;
			}
			i = 0;
		</action>
	</procedure>

	<procedure id="unknown_orbs_attack">
			<action>
			for(o in area.getObjectsById('unknown_orb')){
				Movement.seek(o, player, 4);
			}
		</action>
	</procedure>

	<procedure id="unknown_death">
		<section with="fade">
			<teleport area="purifier_arena" x="25" y="-1" />
			<object id="unknown_death" x="35" y="-1" />
			<music id="Cutscene9" seconds="1" />
		</section>
		<pan toObject="unknown_death" seconds="1" />
		<play object="area.getObject('unknown_death')" animation="unknown_death.1" modal="true" />
		<wait seconds="1">
			<operate object="area.getObject('unknown_death')" />
		</wait>
		<dialogue section="guard_chief" id="battle6" />
		<dialogue section="guard_chief" id="battle7" />
		<play object="area.getObject('unknown_death')" animation="unknown_death.2" modal="true" />
		<remove object="area.getObject('unknown_death')" />
		<wait seconds="2">
			<operate object="area.getObject('unknown_death')" />
		</wait>
		<action>setFlag('martians_dead', true);</action>
		<section with="fade">
			<teleport area="thirallan" x="50" y="-1" />
		</section>
	</procedure>

	<enemy id="unknown" tile="unknown" health="100" defense="9" speed="1" range="10" type="surface" ignoreHit="true" fps="8" bgm="boss">
			<attack type="melee" damage="15" range="1" hits="3" animation="attack1">
				<pre><play object="this" animation="pre_combo" /></pre>
				<cont damage="15" animation="attack2" />
				<cont damage="30" animation="attack3" knockback="15" />
			</attack>
			<attack type="projectile" damage="20" range="20" animation="attack3" cooldown="200">
				<projectile tile="unknown_shockwave" animation="unknown_shockwave" offsetY="8" speed="3" knockback="20" />
			</attack>
			<onDeath><remove object='this' /><wait seconds="0.25"><operate object='this' /></wait><run procedure="unknown_transition" /></onDeath>
	</enemy>

	<enemy id="unknown_2nd" tile="unknown_2nd" health="150" defense="7" speed="1" range="15" type="surface" ignoreHit="true" fps="8" bgm="boss">
			<attack type="melee" damage="20" range="1" hits="2" animation="combo1">
				<pre><play object='this' animation="pre_combo" /></pre>
				<cont damage="25" animation="combo2" knockback="20" />
			</attack>
			<attack type="melee" damage="30" range="1" animation="golf" cooldown="100">
				<pre><play object='this' animation="pre_golf" /></pre>
			</attack>
			<attack type="melee" range="5" animation="oof" cooldown="600">
				<pre><run procedure="unknown_orbs" /></pre>
				<post><run procedure="unknown_orbs_attack" /></post>
			</attack>
			<attack type="beam" range="2" damage="30" animation="beam" hits="4" cooldown="300">
				<pre><play object='this' animation="pre_beam" /></pre>
				<cont animation="beam" />
				<cont animation="beam" />
				<cont animation="beam" />
			</attack>
			<onDeath><remove object='this' /><wait seconds="0.25"><operate object='this' /></wait><action>setFlag('martians_dead');</action><run procedure="unknown_death" /></onDeath>
	</enemy>

	<tilesheet id="prototype_boss_1st.png" width="40" height="32" />
	<tilesheet id="prototype_boss_2nd.png" width="40" height="32" />
	<tilesheet id="archaic_soldier.png" width="32" height="32" />
	<tilesheet id="archaic_missile.png" width="16" height="9" />

	<tile id="prototype_boss_1st" sheet="prototype_boss_1st.png" x="0" y="0" />
	<tile id="prototype_boss_1st_shield" sheet="prototype_boss_1st.png" x="0" y="4" />
	<tile id="prototype_boss_2nd" sheet="prototype_boss_2nd.png" x="0" y="0" />
	<tile id="archaic_soldier" sheet="archaic_soldier.png" x="0" y="0" />
	<tile id="archaic_soldier_healer" sheet="archaic_soldier.png" x="0" y="6" />
	<tile id="archaic_missile" sheet="archaic_missile.png" x="0" y="0" />

	<animation id="prototype_boss_1st.idle" x="0" count="2" />
	<animation id="prototype_boss_1st.walk" equals="prototype_boss_1st.idle" />
	<animation id="prototype_boss_1st.rocket" x="2" count="3" />
	<animation id="prototype_boss_1st.laser" x="5" count="3" />
	<animation id="prototype_boss_1st.pre_attack" x="8" count="2" />
	<animation id="prototype_boss_1st.attack" x="12" count="4" />
	<animation id="prototype_boss_1st_shield.idle" x="0" count="6" />
	<animation id="prototype_boss_2nd.idle" x="0" count="2" />
	<animation id="prototype_boss_2nd.walk" equals="prototype_boss_2nd.idle" />
	<animation id="prototype_boss_2nd.rocket" x="2" count="3" />
	<animation id="prototype_boss_2nd.laser" x="5" count="3" />
	<animation id="prototype_boss_2nd.pre_attack1" x="8" count="2" />
	<animation id="prototype_boss_2nd.attack1" x="12" count="4" />
	<animation id="prototype_boss_2nd.attack2" x="16" count="5" />
	<animation id="archaic_soldier.idle">
		<frame x="22" />
		<frame x="23" />
		<frame x="32" />
	</animation>
	<animation id="archaic_soldier.walk" equals="archaic_soldier.idle" />
	<animation id="archaic_soldier.pre_combo" x="24" count="1" />
	<animation id="archaic_soldier.attack1" x="25" count="4" />
	<animation id="archaic_soldier.attack2" x="29" count="3" />
	<animation id="archaic_soldier.fire" x="32" count="1" />
	<animation id="archaic_soldier.pre_beam" x="0" count="12" />
	<animation id="archaic_soldier.beam" x="12" count="10" />
	<animation id="archaic_soldier.retaliation" x="33" count="3" length="0.5" />
	<animation id="archaic_missile" x="0" count="3" />
	<animation id="archaic_soldier_healer.idle" x="0" count="6" />

	<object id="prototype_hotspot" width="800" height="800">
		<over>
			<remove object='this' />
			<run procedure="prototype_begin" />
		</over>
	</object>

	<procedure id="prototype_begin">
		<section with="fade">
			<teleport area="artic_kingdom" x="60" y="-1" />
			<remove object="area.getObject('prototype')" />
			<object id="prototype_boss_1st" x="50" y="-1" facing="right" />
			<remove object="area.getObject('UC_scientist')" />
			<remove object="area.getObject('UC.king')" />
			<remove object="area.getObjectsById('UC.citizens')" />
			<object id="UC_scientist" x="50" y="-1" facing="right" />
			<action>setFlag('prototype_hotspot', true);</action>
		</section>
		<pan toObject="UC_scientist" seconds="1" />
		<dialogue section="UC" id="prototype1" />
		<dialogue section="UC" id="prototype2" />
		<remove object="area.getObject('UC_scientist')" />
		<wait seconds="0.25">
			<operate object="area.getObject('UC_scientist')" />
		</wait>
		<action>for(y in -20...0){setTile('-1', y, 'empty'); setTile('127', y, 'empty');} for(x in -1...150) setTile(x, '-20', 'empty');</action>
	</procedure>

	<enemy id="prototype_boss_1st" tile="prototype_boss_1st" health="75" defense="6" speed="1" range="10" type="surface" ignoreHit="true" flying="true" vertical="true" fps="5" bgm="boss" passEnemies="true" friendlyFire="false">
		<attack type="melee" damage="10" range="0.5" animation="attack">
			<pre><play object="this" animation="pre_attack" /></pre>
		</attack>
		<attack type="projectile" damage="15" range="20" animation="missile" cooldown="200">
			<projectile tile="archaic_missile" animation="archaic_missile" speed="3" offsetY="-10" hitEffect="explosion_dmg" knockback="10" breakTile="5" breakPower="100" homing="true" />
		</attack>
		<attack type="projectile" damage="10" range="20" animation="laser" cooldown="200">
			<projectile tile="prototype_laser_blast" animation="prototype_laser" speed="3" offsetY="-15" hitEffect="explosion_dmg" breakTile="5" breakPower="100" homing="true" />
		</attack>
		<onDeath><dialogue section="UC" id="prototype3" /><object id="archaic_soldier" x="50" y="-3" /><object id="prototype_boss_1st_shield" x="50" y="-1" /></onDeath>
	</enemy>

	<object id="prototype_boss_1st_shield" tile="prototype_boss_1st_shield" fps="5" />

	<enemy id="prototype_boss_2nd" tile="prototype_boss_2nd" health="100" defense="8" speed="1.5" range="20" type="surface" ignoreHit="true" flying="true" vertical="true" fps="5" bgm="boss" passEnemies="true" friendlyFire="false">
		<attack type="melee" damage="20" range="0.5" hits="2" animation="attack1">
			<pre><play object="this" animation="pre_attack1" /></pre>
			<cont animation="attack2" damage="45" knockback="20" />
		</attack>
		<attack type="projectile" damage="30" range="20" animation="missile" cooldown="200">
			<projectile tile="archaic_missile" animation="archaic_missile" speed="3.5" offsetY="-10" hitEffect="explosion_dmg" knockback="10" breakTile="5" breakPower="100" homing="true" />
		</attack>
		<attack type="projectile" damage="20" range="20" animation="laser" cooldown="200">
			<projectile tile="prototype_laser_blast" animation="prototype_laser" speed="4" offsetY="-15" hitEffect="explosion_dmg" breakTile="5" breakPower="100" homing="true" />
		</attack>
		<onDeath><action>setFlag('UC_dead', true); for(y in -20...0){setTile('-1', y, null); setTile('127', y, null);} for(x in -1...150) setTile(x, '-20', null); mine(55, 20);</action><remove object="area.getObject('archaic_soldier')" /><remove object="area.getObject('archaic_soldier_healer')" /><remove object="area.getObject('archaic_soldier_healer_dummy')" /></onDeath>
	</enemy>

	<enemy id="archaic_soldier" tile="archaic_soldier" health="50" defense="7" speed="1.5" range="15" type="surface" ignoreHit="true" flying="true" vertical="true" fps="5" bgm="boss" passEnemies="true" friendlyFire="false">
		<attack type="melee" damage="15" range="0.5" hits="2" animation="attack1">
			<pre><play object="this" animation="pre_combo" /></pre>
			<cont damage="15" animation="attack2" knockback="15" />
		</attack>
		<attack type="projectile" damage="20" range="20" hits="2" animation="fire" cooldown="200">
			<projectile tile="archaic_missile" animation="archaic_missile" speed="3" offsetY="-10" hitEffect="explosion_dmg" knockback="10" breakTile="5" breakPower="100" homing="true" />
			<cont animation="fire" />
		</attack>
		<attack type="melee" damage="40" range="1" animation="beam" cooldown="400">
			<pre><play object="this" animation="pre_beam" /></pre>
		</attack>
		<onHit><attack type="omni" range="2" animation="retaliation" knockback="20" /></onHit>
		<onDeath>
			<object id="archaic_soldier_healer" x="50" y="-3" /><object id="archaic_soldier_healer_dummy" x="50" y="-3" />
			<section if="area.getObject('prototype_boss_2nd') == null">
				<remove object="area.getObject('prototype_boss_1st_shield')" />
				<object id="prototype_boss_2nd" x="50" y="-1" />
			</section>
		</onDeath>
	</enemy>

	<enemy id="archaic_soldier_healer" tile="archaic_soldier_healer" health="20" defense="10" type="surface" ignoreHit="true" flying="true" fps="5">
		<onDeath><remove object="area.getObject('archaic_soldier_healer_dummy')" /></onDeath>
	</enemy>

	<object id="archaic_soldier_healer_dummy" tile="archaic_soldier_healer" animation="archaic_soldier_healer.idle">
		<addedToArea><action>count = 0.0;</action></addedToArea>
		<onFrame>
			count += frames;
			if(count >= 1000){
				count = 0;
				area.addObject(getObject('archaic_soldier').create(area.getObject('archaic_soldier_healer').tile_x * 16, area.getObject('archaic_soldier_healer').tile_y * 16));
				area.removeObject(area.getObject('archaic_soldier_healer'));
				area.removeObject(area.getObject('archaic_soldier_healer_dummy'));
			}
		</onFrame>
	</object>

	<enemy id="pyronaut_enemy" tile="pyronaut" health="50" defense="5" speed="1" range="20" type="surface" ignoreHit="true" friendlyFire="false" passEnemies="true">
		<attack type="melee" damage="20" range="1" hitEffect="fire_lg_dot" animation="attack" />
	</enemy>

	<enemy id="purifiers_commander_enemy" tile="purifiers_commander" health="100" defense="8" speed="1" range="20" type="surface" ignoreHit="true" friendlyFire="false" bgm="boss" passEnemies="true">
		<attack type="melee" damage="30" range="1" hitEffect="fire_lg_dot" animation="attack" />
		<onDeath><action>setFlag('purifiers_dead', true);</action><structure id="dark_portal.purifiers.exit" x="5" y="-1" /></onDeath>
	</enemy>




</enemies>
